<?xml version='1.0' encoding='UTF-8'?>
<?xml-stylesheet  href="job.xsl" type="text/xsl"?><jobState>
  <program>
    <head>
      <name>water</name>
      <package>
        <name>EMBOSS</name>
        <version>6.3.1</version>
        <doc>
          <title>EMBOSS</title>
          <description>
            <text lang="en">European Molecular Biology Open Software Suite</text>
          </description>
          <authors>Rice,P. Longden,I. and Bleasby, A.</authors>
          <reference>EMBOSS: The European Molecular Biology Open Software Suite (2000)  Rice,P. Longden,I. and Bleasby, A. Trends in Genetics 16, (6) pp276--277</reference>
          <sourcelink>http://emboss.sourceforge.net/download</sourcelink>
          <homepagelink>http://emboss.sourceforge.net</homepagelink>
        </doc>
      </package>
      <doc>
        <title>water</title>
        <description>
          <text lang="en">Smith-Waterman local alignment of sequences</text>
        </description>
        <doclink>http://bioweb2.pasteur.fr/docs/EMBOSS/water.html</doclink>
        <doclink>http://emboss.sourceforge.net/docs/themes</doclink>
      </doc>
      <command>water</command>
      <category>alignment:pairwise:local</category>
      <interface type="form" generated="true">
        <fieldset xmlns="http://www.w3.org/1999/xhtml" class="minimizable" data-paragraphname="e_input">
          <legend>Input section</legend>
          <div>
            <fieldset class="parameter &#10;&#9;&#9;&#9;&#9;mandatory&#10;&#9;&#9;&#9;&#9;" title="This parameter is mandatory" data-issimple="true" data-ismultiple="false" data-default-value="" data-datatype="Sequence" data-datatype-superclass="" data-biotype="" data-card="1,1" data-formats="EMBL FASTA GCG GENBANK NBRF CODATA RAW SWISSPROT GFF " data-parametername="e_asequence">
              <legend>asequence option</legend>
              <textarea name="e_asequence" cols="60" rows="7"> </textarea>
            </fieldset>
            <fieldset class="parameter &#10;&#9;&#9;&#9;&#9;mandatory&#10;&#9;&#9;&#9;&#9;" title="This parameter is mandatory" data-issimple="true" data-ismultiple="false" data-default-value="" data-datatype="Sequence" data-datatype-superclass="" data-biotype="" data-card="1,n" data-formats="EMBL FASTA GCG GENBANK NBRF CODATA RAW SWISSPROT GFF " data-parametername="e_bsequence">
              <legend>bsequence option</legend>
              <textarea name="e_bsequence" cols="60" rows="7"> </textarea>
            </fieldset>
            <label class="parameter " title="" data-issimple="false" data-ismultiple="false" data-default-value="mobyle_null" data-datatype="Choice" data-datatype-superclass="" data-biotype="" data-card="" data-formats="" data-parametername="e_datafile">Matrix file<a href="#idm140499204156864::comment" class="blindLink commentToggle" onclick="if (typeof portal=='undefined'){var target=document.getElementById(this.getAttribute('href').substr(1)); target.style.display=(target.style.display=='none') ? '':'none';}" title="click to expand/collapse contextual help">?</a>
              <select name="e_datafile">
                <option value="mobyle_null" selected="selected"/>
                <option value="EBLOSUM30">Eblosum30</option>
                <option value="EBLOSUM35">Eblosum35</option>
                <option value="EBLOSUM40">Eblosum40</option>
                <option value="EBLOSUM45">Eblosum45</option>
                <option value="EBLOSUM50">Eblosum50</option>
                <option value="EBLOSUM55">Eblosum55</option>
                <option value="EBLOSUM60">Eblosum60</option>
                <option value="EBLOSUM62">Eblosum62</option>
                <option value="EBLOSUM62-12">Eblosum62-12</option>
                <option value="EBLOSUM65">Eblosum65</option>
                <option value="EBLOSUM70">Eblosum70</option>
                <option value="EBLOSUM75">Eblosum75</option>
                <option value="EBLOSUM80">Eblosum80</option>
                <option value="EBLOSUM85">Eblosum85</option>
                <option value="EBLOSUM90">Eblosum90</option>
                <option value="EBLOSUMN">Eblosumn</option>
                <option value="EDNAFULL">Ednafull</option>
                <option value="EDNAMAT">Ednamat</option>
                <option value="EDNASIMPLE">Ednasimple</option>
                <option value="EPAM10">Epam10</option>
                <option value="EPAM100">Epam100</option>
                <option value="EPAM110">Epam110</option>
                <option value="EPAM120">Epam120</option>
                <option value="EPAM130">Epam130</option>
                <option value="EPAM140">Epam140</option>
                <option value="EPAM150">Epam150</option>
                <option value="EPAM160">Epam160</option>
                <option value="EPAM170">Epam170</option>
                <option value="EPAM180">Epam180</option>
                <option value="EPAM190">Epam190</option>
                <option value="EPAM20">Epam20</option>
                <option value="EPAM200">Epam200</option>
                <option value="EPAM210">Epam210</option>
                <option value="EPAM220">Epam220</option>
                <option value="EPAM230">Epam230</option>
                <option value="EPAM240">Epam240</option>
                <option value="EPAM250">Epam250</option>
                <option value="EPAM260">Epam260</option>
                <option value="EPAM270">Epam270</option>
                <option value="EPAM280">Epam280</option>
                <option value="EPAM290">Epam290</option>
                <option value="EPAM30">Epam30</option>
                <option value="EPAM300">Epam300</option>
                <option value="EPAM310">Epam310</option>
                <option value="EPAM320">Epam320</option>
                <option value="EPAM330">Epam330</option>
                <option value="EPAM340">Epam340</option>
                <option value="EPAM350">Epam350</option>
                <option value="EPAM360">Epam360</option>
                <option value="EPAM370">Epam370</option>
                <option value="EPAM380">Epam380</option>
                <option value="EPAM390">Epam390</option>
                <option value="EPAM40">Epam40</option>
                <option value="EPAM400">Epam400</option>
                <option value="EPAM410">Epam410</option>
                <option value="EPAM420">Epam420</option>
                <option value="EPAM430">Epam430</option>
                <option value="EPAM440">Epam440</option>
                <option value="EPAM450">Epam450</option>
                <option value="EPAM460">Epam460</option>
                <option value="EPAM470">Epam470</option>
                <option value="EPAM480">Epam480</option>
                <option value="EPAM490">Epam490</option>
                <option value="EPAM50">Epam50</option>
                <option value="EPAM500">Epam500</option>
                <option value="EPAM60">Epam60</option>
                <option value="EPAM70">Epam70</option>
                <option value="EPAM80">Epam80</option>
                <option value="EPAM90">Epam90</option>
                <option value="SSSUB">Sssub</option>
              </select>
              <div id="idm140499204156864::comment" class="commentText" style="display:none" mode="ajaxTarget">
                <div>This is the scoring matrix file used when comparing sequences. By default it is the file 'EBLOSUM62' (for proteins) or  the file 'EDNAFULL' (for nucleic sequences). These files are  found in the 'data' directory of the EMBOSS installation.</div>
              </div>
            </label>
          </div>
        </fieldset>
        <fieldset xmlns="http://www.w3.org/1999/xhtml" class="minimizable" data-paragraphname="e_required">
          <legend>Required section</legend>
          <div>
            <label class="parameter &#10;&#9;&#9;&#9;&#9;mandatory&#10;&#9;&#9;&#9;&#9;" title="This parameter is mandatory" data-issimple="true" data-ismultiple="false" data-default-value="" data-datatype="Float" data-datatype-superclass="" data-biotype="" data-card="" data-formats="" data-parametername="e_gapopen">Gap opening penalty (value from 0.0 to 100.0)<a href="#idm140499203513344::comment" class="blindLink commentToggle" onclick="if (typeof portal=='undefined'){var target=document.getElementById(this.getAttribute('href').substr(1)); target.style.display=(target.style.display=='none') ? '':'none';}" title="click to expand/collapse contextual help">?</a>
              <input name="e_gapopen" type="text" value=""/>
              <div id="idm140499203513344::comment" class="commentText" style="display:none" mode="ajaxTarget">
                <div>The gap open penalty is the score taken away when a gap is created. The best value depends on the choice of comparison  matrix. The default value assumes you are using the EBLOSUM62  matrix for protein sequences, and the EDNAFULL matrix for  nucleotide sequences.</div>
              </div>
            </label>
            <label class="parameter &#10;&#9;&#9;&#9;&#9;mandatory&#10;&#9;&#9;&#9;&#9;" title="This parameter is mandatory" data-issimple="true" data-ismultiple="false" data-default-value="" data-datatype="Float" data-datatype-superclass="" data-biotype="" data-card="" data-formats="" data-parametername="e_gapextend">Gap extension penalty (value from 0.0 to 10.0)<a href="#idm140499203499360::comment" class="blindLink commentToggle" onclick="if (typeof portal=='undefined'){var target=document.getElementById(this.getAttribute('href').substr(1)); target.style.display=(target.style.display=='none') ? '':'none';}" title="click to expand/collapse contextual help">?</a>
              <input name="e_gapextend" type="text" value=""/>
              <div id="idm140499203499360::comment" class="commentText" style="display:none" mode="ajaxTarget">
                <div>The gap extension penalty is added to the standard gap penalty for each base or residue in the gap. This is how long gaps  are penalized. Usually you will expect a few long gaps rather  than many short gaps, so the gap extension penalty should be lower  than the gap penalty. An exception is where one or both sequences  are single reads with possible sequencing errors in which case  you would expect many single base gaps. You can get this result by  setting the gap open penalty to zero (or very low) and using the  gap extension penalty to control gap scoring.</div>
              </div>
            </label>
          </div>
        </fieldset>
        <fieldset xmlns="http://www.w3.org/1999/xhtml" class="minimizable" data-paragraphname="e_output">
          <legend>Output section</legend>
          <div>
            <label class="parameter " title="" data-issimple="false" data-ismultiple="false" data-default-value="1" data-datatype="Boolean" data-datatype-superclass="" data-biotype="" data-card="" data-formats="" data-parametername="e_brief">Brief identity and similarity<a href="#idm140499203546560::comment" class="blindLink commentToggle" onclick="if (typeof portal=='undefined'){var target=document.getElementById(this.getAttribute('href').substr(1)); target.style.display=(target.style.display=='none') ? '':'none';}" title="click to expand/collapse contextual help">?</a>
              <select name="e_brief">
                <option value="1" selected="selected">Yes</option>
                <option value="0">No</option>
              </select>
              <div id="idm140499203546560::comment" class="commentText" style="display:none" mode="ajaxTarget">
                <div>Brief identity and similarity</div>
              </div>
            </label>
            <label class="parameter " title="" data-issimple="false" data-ismultiple="false" data-default-value="water.align" data-datatype="Filename" data-datatype-superclass="" data-biotype="" data-card="" data-formats="" data-parametername="e_outfile">Name of the output alignment file<input name="e_outfile" type="text" value="water.align"/>
            </label>
            <label class="parameter " title="" data-issimple="false" data-ismultiple="false" data-default-value="SRS" data-datatype="Choice" data-datatype-superclass="" data-biotype="" data-card="" data-formats="" data-parametername="e_aformat_outfile">Choose the alignment output format<select name="e_aformat_outfile">
                <option value="FASTA">Fasta</option>
                <option value="MSF">Msf</option>
                <option value="PAIR">Pair</option>
                <option value="MARKX0">Markx0</option>
                <option value="MARKX1">Markx1</option>
                <option value="MARKX2">Markx2</option>
                <option value="MARKX3">Markx3</option>
                <option value="MARKX10">Markx10</option>
                <option value="SRS" selected="selected">Srs</option>
                <option value="SRSPAIR">Srspair</option>
                <option value="SCORE">Score</option>
                <option value="UNKNOWN">Unknown</option>
                <option value="MULTIPLE">Multiple</option>
                <option value="SIMPLE">Simple</option>
                <option value="MATCH">Match</option>
              </select>
            </label>
          </div>
        </fieldset>
      </interface>
      <interface type="job_input" generated="true">
        <xhtml:fieldset xmlns:xhtml="http://www.w3.org/1999/xhtml" class="minimizable" data-paragraphname="e_input">
          <xhtml:legend>Input section</xhtml:legend>
          <xhtml:div>
            <xhtml:div data-parametername="e_asequence" class="parameter &#10;&#9;&#9;&#9;&#9;mandatory&#10;&#9;&#9;&#9;&#9;" title="This parameter is mandatory" data-issimple="true" data-ismultiple="false" data-default-value="" data-datatype="Sequence" data-datatype-superclass="" data-biotype="" data-card="1,1" data-formats="EMBL FASTA GCG GENBANK NBRF CODATA RAW SWISSPROT GFF ">
              <xhtml:i>
				(Sequence)
			</xhtml:i>
            </xhtml:div>
            <xhtml:div data-parametername="e_bsequence" class="parameter &#10;&#9;&#9;&#9;&#9;mandatory&#10;&#9;&#9;&#9;&#9;" title="This parameter is mandatory" data-issimple="true" data-ismultiple="false" data-default-value="" data-datatype="Sequence" data-datatype-superclass="" data-biotype="" data-card="1,n" data-formats="EMBL FASTA GCG GENBANK NBRF CODATA RAW SWISSPROT GFF ">
              <xhtml:i>
				(Sequence)
			</xhtml:i>
            </xhtml:div>
            <xhtml:div data-parametername="e_datafile" class="parameter " title="" data-issimple="false" data-ismultiple="false" data-default-value="mobyle_null" data-datatype="Choice" data-datatype-superclass="" data-biotype="" data-card="" data-formats="">
              <xhtml:a href="#idm140499204156864::comment" class="blindLink commentToggle" onclick="if (typeof portal=='undefined'){var target=document.getElementById(this.getAttribute('href').substr(1)); target.style.display=(target.style.display=='none') ? '':'none';}" title="click to expand/collapse contextual help">?</xhtml:a>
              <xhtml:div id="idm140499204156864::comment" class="commentText" style="display:none" mode="ajaxTarget">
                <xhtml:div>This is the scoring matrix file used when comparing sequences. By default it is the file 'EBLOSUM62' (for proteins) or  the file 'EDNAFULL' (for nucleic sequences). These files are  found in the 'data' directory of the EMBOSS installation.</xhtml:div>
              </xhtml:div>
            </xhtml:div>
          </xhtml:div>
        </xhtml:fieldset>
        <xhtml:fieldset xmlns:xhtml="http://www.w3.org/1999/xhtml" class="minimizable" data-paragraphname="e_required">
          <xhtml:legend>Required section</xhtml:legend>
          <xhtml:div>
            <xhtml:div data-parametername="e_gapopen" class="parameter &#10;&#9;&#9;&#9;&#9;mandatory&#10;&#9;&#9;&#9;&#9;" title="This parameter is mandatory" data-issimple="true" data-ismultiple="false" data-default-value="" data-datatype="Float" data-datatype-superclass="" data-biotype="" data-card="" data-formats="">
              <xhtml:a href="#idm140499203513344::comment" class="blindLink commentToggle" onclick="if (typeof portal=='undefined'){var target=document.getElementById(this.getAttribute('href').substr(1)); target.style.display=(target.style.display=='none') ? '':'none';}" title="click to expand/collapse contextual help">?</xhtml:a>
              <xhtml:div id="idm140499203513344::comment" class="commentText" style="display:none" mode="ajaxTarget">
                <xhtml:div>The gap open penalty is the score taken away when a gap is created. The best value depends on the choice of comparison  matrix. The default value assumes you are using the EBLOSUM62  matrix for protein sequences, and the EDNAFULL matrix for  nucleotide sequences.</xhtml:div>
              </xhtml:div>
            </xhtml:div>
            <xhtml:div data-parametername="e_gapextend" class="parameter &#10;&#9;&#9;&#9;&#9;mandatory&#10;&#9;&#9;&#9;&#9;" title="This parameter is mandatory" data-issimple="true" data-ismultiple="false" data-default-value="" data-datatype="Float" data-datatype-superclass="" data-biotype="" data-card="" data-formats="">
              <xhtml:a href="#idm140499203499360::comment" class="blindLink commentToggle" onclick="if (typeof portal=='undefined'){var target=document.getElementById(this.getAttribute('href').substr(1)); target.style.display=(target.style.display=='none') ? '':'none';}" title="click to expand/collapse contextual help">?</xhtml:a>
              <xhtml:div id="idm140499203499360::comment" class="commentText" style="display:none" mode="ajaxTarget">
                <xhtml:div>The gap extension penalty is added to the standard gap penalty for each base or residue in the gap. This is how long gaps  are penalized. Usually you will expect a few long gaps rather  than many short gaps, so the gap extension penalty should be lower  than the gap penalty. An exception is where one or both sequences  are single reads with possible sequencing errors in which case  you would expect many single base gaps. You can get this result by  setting the gap open penalty to zero (or very low) and using the  gap extension penalty to control gap scoring.</xhtml:div>
              </xhtml:div>
            </xhtml:div>
          </xhtml:div>
        </xhtml:fieldset>
        <xhtml:fieldset xmlns:xhtml="http://www.w3.org/1999/xhtml" class="minimizable" data-paragraphname="e_output">
          <xhtml:legend>Output section</xhtml:legend>
          <xhtml:div>
            <xhtml:div data-parametername="e_brief" class="parameter " title="" data-issimple="false" data-ismultiple="false" data-default-value="1" data-datatype="Boolean" data-datatype-superclass="" data-biotype="" data-card="" data-formats="">
              <xhtml:a href="#idm140499203546560::comment" class="blindLink commentToggle" onclick="if (typeof portal=='undefined'){var target=document.getElementById(this.getAttribute('href').substr(1)); target.style.display=(target.style.display=='none') ? '':'none';}" title="click to expand/collapse contextual help">?</xhtml:a>
              <xhtml:div id="idm140499203546560::comment" class="commentText" style="display:none" mode="ajaxTarget">
                <xhtml:div>Brief identity and similarity</xhtml:div>
              </xhtml:div>
            </xhtml:div>
            <xhtml:div data-parametername="e_outfile" class="parameter " title="" data-issimple="false" data-ismultiple="false" data-default-value="water.align" data-datatype="Filename" data-datatype-superclass="" data-biotype="" data-card="" data-formats=""/>
            <xhtml:div data-parametername="e_aformat_outfile" class="parameter " title="" data-issimple="false" data-ismultiple="false" data-default-value="SRS" data-datatype="Choice" data-datatype-superclass="" data-biotype="" data-card="" data-formats=""/>
          </xhtml:div>
        </xhtml:fieldset>
        <div xmlns="http://www.w3.org/1999/xhtml" data-parametername="auto" class="parameter " title="" data-issimple="false" data-ismultiple="false" data-default-value="" data-datatype="String" data-datatype-superclass="" data-biotype="" data-card="" data-formats=""/>
      </interface>
      <interface type="job_output" generated="true">
        <xhtml:fieldset xmlns:xhtml="http://www.w3.org/1999/xhtml" class="minimizable" data-paragraphname="e_output">
          <xhtml:legend>Output section</xhtml:legend>
          <xhtml:div>
            <xhtml:div data-parametername="e_outfile_out" class="parameter " title="" data-issimple="false" data-ismultiple="false" data-default-value="" data-datatype="Alignment" data-datatype-superclass="" data-biotype="" data-card="" data-formats="&#10;               ">
              <xhtml:i>
				(Alignment)
			</xhtml:i>
            </xhtml:div>
            <xhtml:div data-parametername="e_outfile_out2" class="parameter " title="" data-issimple="false" data-ismultiple="false" data-default-value="" data-datatype="Text" data-datatype-superclass="" data-biotype="" data-card="" data-formats="&#10;               ">
              <xhtml:i>
				(Text)
			</xhtml:i>
            </xhtml:div>
          </xhtml:div>
        </xhtml:fieldset>
        <div xmlns="http://www.w3.org/1999/xhtml" data-parametername="stdout" class="parameter " title="" data-issimple="false" data-ismultiple="false" data-default-value="" data-datatype="Report" data-datatype-superclass="" data-biotype="" data-card="" data-formats="">
          <i>
				(Report)
			</i>
        </div>
        <div xmlns="http://www.w3.org/1999/xhtml" data-parametername="stderr" class="parameter " title="" data-issimple="false" data-ismultiple="false" data-default-value="" data-datatype="Report" data-datatype-superclass="" data-biotype="" data-card="" data-formats="">
          <i>
				(Report)
			</i>
        </div>
      </interface>
    </head>
    <parameters>
      <paragraph>
        <name>e_input</name>
        <prompt lang="en">Input section</prompt>
        <parameters>
          <parameter issimple="1" ismandatory="1">
            <name>e_asequence</name>
            <prompt lang="en">asequence option</prompt>
            <type>
              <datatype>
                <class>Sequence</class>
              </datatype>
              <dataFormat>EMBL</dataFormat>
              <dataFormat>FASTA</dataFormat>
              <dataFormat>GCG</dataFormat>
              <dataFormat>GENBANK</dataFormat>
              <dataFormat>NBRF</dataFormat>
              <dataFormat>CODATA</dataFormat>
              <dataFormat>RAW</dataFormat>
              <dataFormat>SWISSPROT</dataFormat>
              <dataFormat>GFF</dataFormat>
              <card>1,1</card>
            </type>
            <format>
              <code proglang="python">("", " -asequence=" + str(value))[value is not None]</code>
            </format>
            <argpos>1</argpos>
            <interface type="form" generated="true">
              <xhtml:fieldset xmlns:xhtml="http://www.w3.org/1999/xhtml">
                <xhtml:legend>asequence option</xhtml:legend>
                <xhtml:textarea name="e_asequence" cols="60" rows="7"> </xhtml:textarea>
              </xhtml:fieldset>
            </interface>
            <interface generated="true" type="job_input">
              <div xmlns="http://www.w3.org/1999/xhtml" class="parameter &#10;&#9;&#9;&#9;&#9;mandatory&#10;&#9;&#9;&#9;&#9;" title="This parameter is mandatory" data-issimple="true" data-ismultiple="false" data-default-value="" data-datatype="Sequence" data-datatype-superclass="" data-biotype="" data-card="1,1" data-formats="EMBL FASTA GCG GENBANK NBRF CODATA RAW SWISSPROT GFF " data-parametername="e_asequence">
                <i>
				(Sequence)
			</i>
              </div>
            </interface>
          </parameter>
          <parameter issimple="1" ismandatory="1">
            <name>e_bsequence</name>
            <prompt lang="en">bsequence option</prompt>
            <type>
              <datatype>
                <class>Sequence</class>
              </datatype>
              <dataFormat>EMBL</dataFormat>
              <dataFormat>FASTA</dataFormat>
              <dataFormat>GCG</dataFormat>
              <dataFormat>GENBANK</dataFormat>
              <dataFormat>NBRF</dataFormat>
              <dataFormat>CODATA</dataFormat>
              <dataFormat>RAW</dataFormat>
              <dataFormat>SWISSPROT</dataFormat>
              <dataFormat>GFF</dataFormat>
              <card>1,n</card>
            </type>
            <format>
              <code proglang="python">("", " -bsequence=" + str(value))[value is not None]</code>
            </format>
            <argpos>2</argpos>
            <interface type="form" generated="true">
              <xhtml:fieldset xmlns:xhtml="http://www.w3.org/1999/xhtml">
                <xhtml:legend>bsequence option</xhtml:legend>
                <xhtml:textarea name="e_bsequence" cols="60" rows="7"> </xhtml:textarea>
              </xhtml:fieldset>
            </interface>
            <interface generated="true" type="job_input">
              <div xmlns="http://www.w3.org/1999/xhtml" class="parameter &#10;&#9;&#9;&#9;&#9;mandatory&#10;&#9;&#9;&#9;&#9;" title="This parameter is mandatory" data-issimple="true" data-ismultiple="false" data-default-value="" data-datatype="Sequence" data-datatype-superclass="" data-biotype="" data-card="1,n" data-formats="EMBL FASTA GCG GENBANK NBRF CODATA RAW SWISSPROT GFF " data-parametername="e_bsequence">
                <i>
				(Sequence)
			</i>
              </div>
            </interface>
          </parameter>
          <parameter>
            <name>e_datafile</name>
            <prompt lang="en">Matrix file</prompt>
            <type>
              <datatype>
                <class>Choice</class>
              </datatype>
            </type>
            <vdef>
              <value>mobyle_null</value>
            </vdef>
            <vlist>
              <velem undef="1">
                <value>mobyle_null</value>
                <label/>
              </velem>
              <velem>
                <value>EBLOSUM30</value>
                <label>Eblosum30</label>
              </velem>
              <velem>
                <value>EBLOSUM35</value>
                <label>Eblosum35</label>
              </velem>
              <velem>
                <value>EBLOSUM40</value>
                <label>Eblosum40</label>
              </velem>
              <velem>
                <value>EBLOSUM45</value>
                <label>Eblosum45</label>
              </velem>
              <velem>
                <value>EBLOSUM50</value>
                <label>Eblosum50</label>
              </velem>
              <velem>
                <value>EBLOSUM55</value>
                <label>Eblosum55</label>
              </velem>
              <velem>
                <value>EBLOSUM60</value>
                <label>Eblosum60</label>
              </velem>
              <velem>
                <value>EBLOSUM62</value>
                <label>Eblosum62</label>
              </velem>
              <velem>
                <value>EBLOSUM62-12</value>
                <label>Eblosum62-12</label>
              </velem>
              <velem>
                <value>EBLOSUM65</value>
                <label>Eblosum65</label>
              </velem>
              <velem>
                <value>EBLOSUM70</value>
                <label>Eblosum70</label>
              </velem>
              <velem>
                <value>EBLOSUM75</value>
                <label>Eblosum75</label>
              </velem>
              <velem>
                <value>EBLOSUM80</value>
                <label>Eblosum80</label>
              </velem>
              <velem>
                <value>EBLOSUM85</value>
                <label>Eblosum85</label>
              </velem>
              <velem>
                <value>EBLOSUM90</value>
                <label>Eblosum90</label>
              </velem>
              <velem>
                <value>EBLOSUMN</value>
                <label>Eblosumn</label>
              </velem>
              <velem>
                <value>EDNAFULL</value>
                <label>Ednafull</label>
              </velem>
              <velem>
                <value>EDNAMAT</value>
                <label>Ednamat</label>
              </velem>
              <velem>
                <value>EDNASIMPLE</value>
                <label>Ednasimple</label>
              </velem>
              <velem>
                <value>EPAM10</value>
                <label>Epam10</label>
              </velem>
              <velem>
                <value>EPAM100</value>
                <label>Epam100</label>
              </velem>
              <velem>
                <value>EPAM110</value>
                <label>Epam110</label>
              </velem>
              <velem>
                <value>EPAM120</value>
                <label>Epam120</label>
              </velem>
              <velem>
                <value>EPAM130</value>
                <label>Epam130</label>
              </velem>
              <velem>
                <value>EPAM140</value>
                <label>Epam140</label>
              </velem>
              <velem>
                <value>EPAM150</value>
                <label>Epam150</label>
              </velem>
              <velem>
                <value>EPAM160</value>
                <label>Epam160</label>
              </velem>
              <velem>
                <value>EPAM170</value>
                <label>Epam170</label>
              </velem>
              <velem>
                <value>EPAM180</value>
                <label>Epam180</label>
              </velem>
              <velem>
                <value>EPAM190</value>
                <label>Epam190</label>
              </velem>
              <velem>
                <value>EPAM20</value>
                <label>Epam20</label>
              </velem>
              <velem>
                <value>EPAM200</value>
                <label>Epam200</label>
              </velem>
              <velem>
                <value>EPAM210</value>
                <label>Epam210</label>
              </velem>
              <velem>
                <value>EPAM220</value>
                <label>Epam220</label>
              </velem>
              <velem>
                <value>EPAM230</value>
                <label>Epam230</label>
              </velem>
              <velem>
                <value>EPAM240</value>
                <label>Epam240</label>
              </velem>
              <velem>
                <value>EPAM250</value>
                <label>Epam250</label>
              </velem>
              <velem>
                <value>EPAM260</value>
                <label>Epam260</label>
              </velem>
              <velem>
                <value>EPAM270</value>
                <label>Epam270</label>
              </velem>
              <velem>
                <value>EPAM280</value>
                <label>Epam280</label>
              </velem>
              <velem>
                <value>EPAM290</value>
                <label>Epam290</label>
              </velem>
              <velem>
                <value>EPAM30</value>
                <label>Epam30</label>
              </velem>
              <velem>
                <value>EPAM300</value>
                <label>Epam300</label>
              </velem>
              <velem>
                <value>EPAM310</value>
                <label>Epam310</label>
              </velem>
              <velem>
                <value>EPAM320</value>
                <label>Epam320</label>
              </velem>
              <velem>
                <value>EPAM330</value>
                <label>Epam330</label>
              </velem>
              <velem>
                <value>EPAM340</value>
                <label>Epam340</label>
              </velem>
              <velem>
                <value>EPAM350</value>
                <label>Epam350</label>
              </velem>
              <velem>
                <value>EPAM360</value>
                <label>Epam360</label>
              </velem>
              <velem>
                <value>EPAM370</value>
                <label>Epam370</label>
              </velem>
              <velem>
                <value>EPAM380</value>
                <label>Epam380</label>
              </velem>
              <velem>
                <value>EPAM390</value>
                <label>Epam390</label>
              </velem>
              <velem>
                <value>EPAM40</value>
                <label>Epam40</label>
              </velem>
              <velem>
                <value>EPAM400</value>
                <label>Epam400</label>
              </velem>
              <velem>
                <value>EPAM410</value>
                <label>Epam410</label>
              </velem>
              <velem>
                <value>EPAM420</value>
                <label>Epam420</label>
              </velem>
              <velem>
                <value>EPAM430</value>
                <label>Epam430</label>
              </velem>
              <velem>
                <value>EPAM440</value>
                <label>Epam440</label>
              </velem>
              <velem>
                <value>EPAM450</value>
                <label>Epam450</label>
              </velem>
              <velem>
                <value>EPAM460</value>
                <label>Epam460</label>
              </velem>
              <velem>
                <value>EPAM470</value>
                <label>Epam470</label>
              </velem>
              <velem>
                <value>EPAM480</value>
                <label>Epam480</label>
              </velem>
              <velem>
                <value>EPAM490</value>
                <label>Epam490</label>
              </velem>
              <velem>
                <value>EPAM50</value>
                <label>Epam50</label>
              </velem>
              <velem>
                <value>EPAM500</value>
                <label>Epam500</label>
              </velem>
              <velem>
                <value>EPAM60</value>
                <label>Epam60</label>
              </velem>
              <velem>
                <value>EPAM70</value>
                <label>Epam70</label>
              </velem>
              <velem>
                <value>EPAM80</value>
                <label>Epam80</label>
              </velem>
              <velem>
                <value>EPAM90</value>
                <label>Epam90</label>
              </velem>
              <velem>
                <value>SSSUB</value>
                <label>Sssub</label>
              </velem>
            </vlist>
            <format>
              <code proglang="python">("", " -datafile=" + str(value))[value is not None and value!=vdef]</code>
            </format>
            <argpos>3</argpos>
            <comment>
              <text lang="en">This is the scoring matrix file used when comparing sequences. By default it is the file 'EBLOSUM62' (for proteins) or  the file 'EDNAFULL' (for nucleic sequences). These files are  found in the 'data' directory of the EMBOSS installation.</text>
            </comment>
            <interface type="form" generated="true">
              <label xmlns="http://www.w3.org/1999/xhtml" class="parameter " title="" data-issimple="false" data-ismultiple="false" data-default-value="" data-datatype="" data-datatype-superclass="" data-biotype="" data-card="" data-formats="">Matrix file<a href="#idm140499204156864::comment" class="blindLink commentToggle" onclick="if (typeof portal=='undefined'){var target=document.getElementById(this.getAttribute('href').substr(1)); target.style.display=(target.style.display=='none') ? '':'none';}" title="click to expand/collapse contextual help">?</a>
                <select name="e_datafile">
                  <option value="mobyle_null" selected="selected"/>
                  <option value="EBLOSUM30">Eblosum30</option>
                  <option value="EBLOSUM35">Eblosum35</option>
                  <option value="EBLOSUM40">Eblosum40</option>
                  <option value="EBLOSUM45">Eblosum45</option>
                  <option value="EBLOSUM50">Eblosum50</option>
                  <option value="EBLOSUM55">Eblosum55</option>
                  <option value="EBLOSUM60">Eblosum60</option>
                  <option value="EBLOSUM62">Eblosum62</option>
                  <option value="EBLOSUM62-12">Eblosum62-12</option>
                  <option value="EBLOSUM65">Eblosum65</option>
                  <option value="EBLOSUM70">Eblosum70</option>
                  <option value="EBLOSUM75">Eblosum75</option>
                  <option value="EBLOSUM80">Eblosum80</option>
                  <option value="EBLOSUM85">Eblosum85</option>
                  <option value="EBLOSUM90">Eblosum90</option>
                  <option value="EBLOSUMN">Eblosumn</option>
                  <option value="EDNAFULL">Ednafull</option>
                  <option value="EDNAMAT">Ednamat</option>
                  <option value="EDNASIMPLE">Ednasimple</option>
                  <option value="EPAM10">Epam10</option>
                  <option value="EPAM100">Epam100</option>
                  <option value="EPAM110">Epam110</option>
                  <option value="EPAM120">Epam120</option>
                  <option value="EPAM130">Epam130</option>
                  <option value="EPAM140">Epam140</option>
                  <option value="EPAM150">Epam150</option>
                  <option value="EPAM160">Epam160</option>
                  <option value="EPAM170">Epam170</option>
                  <option value="EPAM180">Epam180</option>
                  <option value="EPAM190">Epam190</option>
                  <option value="EPAM20">Epam20</option>
                  <option value="EPAM200">Epam200</option>
                  <option value="EPAM210">Epam210</option>
                  <option value="EPAM220">Epam220</option>
                  <option value="EPAM230">Epam230</option>
                  <option value="EPAM240">Epam240</option>
                  <option value="EPAM250">Epam250</option>
                  <option value="EPAM260">Epam260</option>
                  <option value="EPAM270">Epam270</option>
                  <option value="EPAM280">Epam280</option>
                  <option value="EPAM290">Epam290</option>
                  <option value="EPAM30">Epam30</option>
                  <option value="EPAM300">Epam300</option>
                  <option value="EPAM310">Epam310</option>
                  <option value="EPAM320">Epam320</option>
                  <option value="EPAM330">Epam330</option>
                  <option value="EPAM340">Epam340</option>
                  <option value="EPAM350">Epam350</option>
                  <option value="EPAM360">Epam360</option>
                  <option value="EPAM370">Epam370</option>
                  <option value="EPAM380">Epam380</option>
                  <option value="EPAM390">Epam390</option>
                  <option value="EPAM40">Epam40</option>
                  <option value="EPAM400">Epam400</option>
                  <option value="EPAM410">Epam410</option>
                  <option value="EPAM420">Epam420</option>
                  <option value="EPAM430">Epam430</option>
                  <option value="EPAM440">Epam440</option>
                  <option value="EPAM450">Epam450</option>
                  <option value="EPAM460">Epam460</option>
                  <option value="EPAM470">Epam470</option>
                  <option value="EPAM480">Epam480</option>
                  <option value="EPAM490">Epam490</option>
                  <option value="EPAM50">Epam50</option>
                  <option value="EPAM500">Epam500</option>
                  <option value="EPAM60">Epam60</option>
                  <option value="EPAM70">Epam70</option>
                  <option value="EPAM80">Epam80</option>
                  <option value="EPAM90">Epam90</option>
                  <option value="SSSUB">Sssub</option>
                </select>
                <div id="idm140499204156864::comment" class="commentText" style="display:none" mode="ajaxTarget">
                  <div>This is the scoring matrix file used when comparing sequences. By default it is the file 'EBLOSUM62' (for proteins) or  the file 'EDNAFULL' (for nucleic sequences). These files are  found in the 'data' directory of the EMBOSS installation.</div>
                </div>
              </label>
            </interface>
            <interface generated="true" type="job_input">
              <div xmlns="http://www.w3.org/1999/xhtml" class="parameter " title="" data-issimple="false" data-ismultiple="false" data-default-value="mobyle_null" data-datatype="Choice" data-datatype-superclass="" data-biotype="" data-card="" data-formats="" data-parametername="e_datafile">
                <a href="#idm140499204156864::comment" class="blindLink commentToggle" onclick="if (typeof portal=='undefined'){var target=document.getElementById(this.getAttribute('href').substr(1)); target.style.display=(target.style.display=='none') ? '':'none';}" title="click to expand/collapse contextual help">?</a>
                <div id="idm140499204156864::comment" class="commentText" style="display:none" mode="ajaxTarget">
                  <div>This is the scoring matrix file used when comparing sequences. By default it is the file 'EBLOSUM62' (for proteins) or  the file 'EDNAFULL' (for nucleic sequences). These files are  found in the 'data' directory of the EMBOSS installation.</div>
                </div>
              </div>
            </interface>
          </parameter>
        </parameters>
      </paragraph>
      <paragraph>
        <name>e_required</name>
        <prompt lang="en">Required section</prompt>
        <parameters>
          <parameter issimple="1" ismandatory="1">
            <name>e_gapopen</name>
            <prompt lang="en">Gap opening penalty (value from 0.0 to 100.0)</prompt>
            <type>
              <datatype>
                <class>Float</class>
              </datatype>
            </type>
            <format>
              <code proglang="python">("", " -gapopen=" + str(value))[value is not None]</code>
            </format>
            <ctrl>
              <message>
                <text lang="en">Value greater than or equal to 0.0 is required</text>
              </message>
              <code proglang="python">value &gt;= 0.0</code>
            </ctrl>
            <ctrl>
              <message>
                <text lang="en">Value less than or equal to 100.0 is required</text>
              </message>
              <code proglang="python">value &lt;= 100.0</code>
            </ctrl>
            <argpos>4</argpos>
            <comment>
              <text lang="en">The gap open penalty is the score taken away when a gap is created. The best value depends on the choice of comparison  matrix. The default value assumes you are using the EBLOSUM62  matrix for protein sequences, and the EDNAFULL matrix for  nucleotide sequences.</text>
            </comment>
            <interface type="form" generated="true">
              <label xmlns="http://www.w3.org/1999/xhtml" class="parameter " title="" data-issimple="false" data-ismultiple="false" data-default-value="" data-datatype="" data-datatype-superclass="" data-biotype="" data-card="" data-formats="">Gap opening penalty (value from 0.0 to 100.0)<a href="#idm140499203513344::comment" class="blindLink commentToggle" onclick="if (typeof portal=='undefined'){var target=document.getElementById(this.getAttribute('href').substr(1)); target.style.display=(target.style.display=='none') ? '':'none';}" title="click to expand/collapse contextual help">?</a>
                <input name="e_gapopen" type="text" value=""/>
                <div id="idm140499203513344::comment" class="commentText" style="display:none" mode="ajaxTarget">
                  <div>The gap open penalty is the score taken away when a gap is created. The best value depends on the choice of comparison  matrix. The default value assumes you are using the EBLOSUM62  matrix for protein sequences, and the EDNAFULL matrix for  nucleotide sequences.</div>
                </div>
              </label>
            </interface>
            <interface generated="true" type="job_input">
              <div xmlns="http://www.w3.org/1999/xhtml" class="parameter &#10;&#9;&#9;&#9;&#9;mandatory&#10;&#9;&#9;&#9;&#9;" title="This parameter is mandatory" data-issimple="true" data-ismultiple="false" data-default-value="" data-datatype="Float" data-datatype-superclass="" data-biotype="" data-card="" data-formats="" data-parametername="e_gapopen">
                <a href="#idm140499203513344::comment" class="blindLink commentToggle" onclick="if (typeof portal=='undefined'){var target=document.getElementById(this.getAttribute('href').substr(1)); target.style.display=(target.style.display=='none') ? '':'none';}" title="click to expand/collapse contextual help">?</a>
                <div id="idm140499203513344::comment" class="commentText" style="display:none" mode="ajaxTarget">
                  <div>The gap open penalty is the score taken away when a gap is created. The best value depends on the choice of comparison  matrix. The default value assumes you are using the EBLOSUM62  matrix for protein sequences, and the EDNAFULL matrix for  nucleotide sequences.</div>
                </div>
              </div>
            </interface>
          </parameter>
          <parameter issimple="1" ismandatory="1">
            <name>e_gapextend</name>
            <prompt lang="en">Gap extension penalty (value from 0.0 to 10.0)</prompt>
            <type>
              <datatype>
                <class>Float</class>
              </datatype>
            </type>
            <format>
              <code proglang="python">("", " -gapextend=" + str(value))[value is not None]</code>
            </format>
            <ctrl>
              <message>
                <text lang="en">Value greater than or equal to 0.0 is required</text>
              </message>
              <code proglang="python">value &gt;= 0.0</code>
            </ctrl>
            <ctrl>
              <message>
                <text lang="en">Value less than or equal to 10.0 is required</text>
              </message>
              <code proglang="python">value &lt;= 10.0</code>
            </ctrl>
            <argpos>5</argpos>
            <comment>
              <text lang="en">The gap extension penalty is added to the standard gap penalty for each base or residue in the gap. This is how long gaps  are penalized. Usually you will expect a few long gaps rather  than many short gaps, so the gap extension penalty should be lower  than the gap penalty. An exception is where one or both sequences  are single reads with possible sequencing errors in which case  you would expect many single base gaps. You can get this result by  setting the gap open penalty to zero (or very low) and using the  gap extension penalty to control gap scoring.</text>
            </comment>
            <interface type="form" generated="true">
              <label xmlns="http://www.w3.org/1999/xhtml" class="parameter " title="" data-issimple="false" data-ismultiple="false" data-default-value="" data-datatype="" data-datatype-superclass="" data-biotype="" data-card="" data-formats="">Gap extension penalty (value from 0.0 to 10.0)<a href="#idm140499203499360::comment" class="blindLink commentToggle" onclick="if (typeof portal=='undefined'){var target=document.getElementById(this.getAttribute('href').substr(1)); target.style.display=(target.style.display=='none') ? '':'none';}" title="click to expand/collapse contextual help">?</a>
                <input name="e_gapextend" type="text" value=""/>
                <div id="idm140499203499360::comment" class="commentText" style="display:none" mode="ajaxTarget">
                  <div>The gap extension penalty is added to the standard gap penalty for each base or residue in the gap. This is how long gaps  are penalized. Usually you will expect a few long gaps rather  than many short gaps, so the gap extension penalty should be lower  than the gap penalty. An exception is where one or both sequences  are single reads with possible sequencing errors in which case  you would expect many single base gaps. You can get this result by  setting the gap open penalty to zero (or very low) and using the  gap extension penalty to control gap scoring.</div>
                </div>
              </label>
            </interface>
            <interface generated="true" type="job_input">
              <div xmlns="http://www.w3.org/1999/xhtml" class="parameter &#10;&#9;&#9;&#9;&#9;mandatory&#10;&#9;&#9;&#9;&#9;" title="This parameter is mandatory" data-issimple="true" data-ismultiple="false" data-default-value="" data-datatype="Float" data-datatype-superclass="" data-biotype="" data-card="" data-formats="" data-parametername="e_gapextend">
                <a href="#idm140499203499360::comment" class="blindLink commentToggle" onclick="if (typeof portal=='undefined'){var target=document.getElementById(this.getAttribute('href').substr(1)); target.style.display=(target.style.display=='none') ? '':'none';}" title="click to expand/collapse contextual help">?</a>
                <div id="idm140499203499360::comment" class="commentText" style="display:none" mode="ajaxTarget">
                  <div>The gap extension penalty is added to the standard gap penalty for each base or residue in the gap. This is how long gaps  are penalized. Usually you will expect a few long gaps rather  than many short gaps, so the gap extension penalty should be lower  than the gap penalty. An exception is where one or both sequences  are single reads with possible sequencing errors in which case  you would expect many single base gaps. You can get this result by  setting the gap open penalty to zero (or very low) and using the  gap extension penalty to control gap scoring.</div>
                </div>
              </div>
            </interface>
          </parameter>
        </parameters>
      </paragraph>
      <paragraph>
        <name>e_output</name>
        <prompt lang="en">Output section</prompt>
        <parameters>
          <parameter>
            <name>e_brief</name>
            <prompt lang="en">Brief identity and similarity</prompt>
            <type>
              <datatype>
                <class>Boolean</class>
              </datatype>
            </type>
            <vdef>
              <value>1</value>
            </vdef>
            <format>
              <code proglang="python">(" -nobrief", "")[ bool(value) ]</code>
            </format>
            <argpos>6</argpos>
            <comment>
              <text lang="en">Brief identity and similarity</text>
            </comment>
            <interface type="form" generated="true">
              <label xmlns="http://www.w3.org/1999/xhtml" class="parameter " title="" data-issimple="false" data-ismultiple="false" data-default-value="" data-datatype="" data-datatype-superclass="" data-biotype="" data-card="" data-formats="">Brief identity and similarity<a href="#idm140499203546560::comment" class="blindLink commentToggle" onclick="if (typeof portal=='undefined'){var target=document.getElementById(this.getAttribute('href').substr(1)); target.style.display=(target.style.display=='none') ? '':'none';}" title="click to expand/collapse contextual help">?</a>
                <select name="e_brief">
                  <option value="1" selected="selected">Yes</option>
                  <option value="0">No</option>
                </select>
                <div id="idm140499203546560::comment" class="commentText" style="display:none" mode="ajaxTarget">
                  <div>Brief identity and similarity</div>
                </div>
              </label>
            </interface>
            <interface generated="true" type="job_input">
              <div xmlns="http://www.w3.org/1999/xhtml" class="parameter " title="" data-issimple="false" data-ismultiple="false" data-default-value="1" data-datatype="Boolean" data-datatype-superclass="" data-biotype="" data-card="" data-formats="" data-parametername="e_brief">
                <a href="#idm140499203546560::comment" class="blindLink commentToggle" onclick="if (typeof portal=='undefined'){var target=document.getElementById(this.getAttribute('href').substr(1)); target.style.display=(target.style.display=='none') ? '':'none';}" title="click to expand/collapse contextual help">?</a>
                <div id="idm140499203546560::comment" class="commentText" style="display:none" mode="ajaxTarget">
                  <div>Brief identity and similarity</div>
                </div>
              </div>
            </interface>
          </parameter>
          <parameter>
            <name>e_outfile</name>
            <prompt lang="en">Name of the output alignment file</prompt>
            <type>
              <datatype>
                <class>Filename</class>
              </datatype>
            </type>
            <vdef>
              <value>water.align</value>
            </vdef>
            <format>
              <code proglang="python">("" , " -outfile=" + str(value))[value is not None]</code>
            </format>
            <argpos>7</argpos>
            <interface type="form" generated="true">
              <label xmlns="http://www.w3.org/1999/xhtml" class="parameter " title="" data-issimple="false" data-ismultiple="false" data-default-value="" data-datatype="" data-datatype-superclass="" data-biotype="" data-card="" data-formats="">Name of the output alignment file<input name="e_outfile" type="text" value="water.align"/>
              </label>
            </interface>
            <interface generated="true" type="job_input">
              <div xmlns="http://www.w3.org/1999/xhtml" class="parameter " title="" data-issimple="false" data-ismultiple="false" data-default-value="water.align" data-datatype="Filename" data-datatype-superclass="" data-biotype="" data-card="" data-formats="" data-parametername="e_outfile"/>
            </interface>
          </parameter>
          <parameter>
            <name>e_aformat_outfile</name>
            <prompt lang="en">Choose the alignment output format</prompt>
            <type>
              <datatype>
                <class>Choice</class>
              </datatype>
            </type>
            <vdef>
              <value>SRS</value>
            </vdef>
            <vlist>
              <velem>
                <value>FASTA</value>
                <label>Fasta</label>
              </velem>
              <velem>
                <value>MSF</value>
                <label>Msf</label>
              </velem>
              <velem>
                <value>PAIR</value>
                <label>Pair</label>
              </velem>
              <velem>
                <value>MARKX0</value>
                <label>Markx0</label>
              </velem>
              <velem>
                <value>MARKX1</value>
                <label>Markx1</label>
              </velem>
              <velem>
                <value>MARKX2</value>
                <label>Markx2</label>
              </velem>
              <velem>
                <value>MARKX3</value>
                <label>Markx3</label>
              </velem>
              <velem>
                <value>MARKX10</value>
                <label>Markx10</label>
              </velem>
              <velem>
                <value>SRS</value>
                <label>Srs</label>
              </velem>
              <velem>
                <value>SRSPAIR</value>
                <label>Srspair</label>
              </velem>
              <velem>
                <value>SCORE</value>
                <label>Score</label>
              </velem>
              <velem>
                <value>UNKNOWN</value>
                <label>Unknown</label>
              </velem>
              <velem>
                <value>MULTIPLE</value>
                <label>Multiple</label>
              </velem>
              <velem>
                <value>SIMPLE</value>
                <label>Simple</label>
              </velem>
              <velem>
                <value>MATCH</value>
                <label>Match</label>
              </velem>
            </vlist>
            <format>
              <code proglang="python">("", " -aformat=" + str(value))[value is not None and value!=vdef]</code>
            </format>
            <argpos>8</argpos>
            <interface type="form" generated="true">
              <label xmlns="http://www.w3.org/1999/xhtml" class="parameter " title="" data-issimple="false" data-ismultiple="false" data-default-value="" data-datatype="" data-datatype-superclass="" data-biotype="" data-card="" data-formats="">Choose the alignment output format<select name="e_aformat_outfile">
                  <option value="FASTA">Fasta</option>
                  <option value="MSF">Msf</option>
                  <option value="PAIR">Pair</option>
                  <option value="MARKX0">Markx0</option>
                  <option value="MARKX1">Markx1</option>
                  <option value="MARKX2">Markx2</option>
                  <option value="MARKX3">Markx3</option>
                  <option value="MARKX10">Markx10</option>
                  <option value="SRS" selected="selected">Srs</option>
                  <option value="SRSPAIR">Srspair</option>
                  <option value="SCORE">Score</option>
                  <option value="UNKNOWN">Unknown</option>
                  <option value="MULTIPLE">Multiple</option>
                  <option value="SIMPLE">Simple</option>
                  <option value="MATCH">Match</option>
                </select>
              </label>
            </interface>
            <interface generated="true" type="job_input">
              <div xmlns="http://www.w3.org/1999/xhtml" class="parameter " title="" data-issimple="false" data-ismultiple="false" data-default-value="SRS" data-datatype="Choice" data-datatype-superclass="" data-biotype="" data-card="" data-formats="" data-parametername="e_aformat_outfile"/>
            </interface>
          </parameter>
          <parameter isout="1">
            <name>e_outfile_out</name>
            <prompt lang="en">outfile_out option</prompt>
            <type>
              <datatype>
                <class>Alignment</class>
              </datatype>
              <dataFormat>
                <ref param="e_aformat_outfile">
              </ref>
              </dataFormat>
            </type>
            <precond>
              <code proglang="python">e_aformat_outfile in ['FASTA', 'MSF']</code>
            </precond>
            <filenames>
              <code proglang="python">e_outfile</code>
            </filenames>
            <interface generated="true" type="job_output">
              <div xmlns="http://www.w3.org/1999/xhtml" class="parameter " title="" data-issimple="false" data-ismultiple="false" data-default-value="" data-datatype="Alignment" data-datatype-superclass="" data-biotype="" data-card="" data-formats="&#10;               " data-parametername="e_outfile_out">
                <i>
				(Alignment)
			</i>
              </div>
            </interface>
          </parameter>
          <parameter isout="1">
            <name>e_outfile_out2</name>
            <prompt lang="en">outfile_out2 option</prompt>
            <type>
              <datatype>
                <class>Text</class>
              </datatype>
              <dataFormat>
                <ref param="e_aformat_outfile">
              </ref>
              </dataFormat>
            </type>
            <precond>
              <code proglang="python">e_aformat_outfile in ['PAIR', 'MARKX0', 'MARKX1', 'MARKX2', 'MARKX3', 'MARKX10', 'SRS', 'SRSPAIR', 'SCORE', 'UNKNOWN', 'MULTIPLE', 'SIMPLE', 'MATCH']</code>
            </precond>
            <filenames>
              <code proglang="python">e_outfile</code>
            </filenames>
            <interface generated="true" type="job_output">
              <div xmlns="http://www.w3.org/1999/xhtml" class="parameter " title="" data-issimple="false" data-ismultiple="false" data-default-value="" data-datatype="Text" data-datatype-superclass="" data-biotype="" data-card="" data-formats="&#10;               " data-parametername="e_outfile_out2">
                <i>
				(Text)
			</i>
              </div>
            </interface>
          </parameter>
        </parameters>
      </paragraph>
      <parameter ishidden="1">
        <name>auto</name>
        <prompt lang="en">Turn off any prompting</prompt>
        <type>
          <datatype>
            <class>String</class>
          </datatype>
        </type>
        <format>
          <code proglang="python">" -auto -stdout"</code>
        </format>
        <argpos>9</argpos>
        <interface generated="true" type="job_input">
          <div xmlns="http://www.w3.org/1999/xhtml" class="parameter " title="" data-issimple="false" data-ismultiple="false" data-default-value="" data-datatype="String" data-datatype-superclass="" data-biotype="" data-card="" data-formats="" data-parametername="auto"/>
        </interface>
      </parameter>
      <parameter isstdout="true">
        <name>stdout</name>
        <prompt>Standard output</prompt>
        <type>
          <datatype>
            <class>Report</class>
          </datatype>
        </type>
        <interface type="job_output" generated="true">
          <div xmlns="http://www.w3.org/1999/xhtml" class="parameter " title="" data-issimple="false" data-ismultiple="false" data-default-value="" data-datatype="Report" data-datatype-superclass="" data-biotype="" data-card="" data-formats="" data-parametername="stdout">
            <i>
				(Report)
			</i>
          </div>
        </interface>
        <filenames>
          <code proglang="perl">"water.out"</code>
          <code proglang="python">"water.out"</code>
        </filenames>
      </parameter>
      <parameter isout="true">
        <name>stderr</name>
        <prompt>Standard error</prompt>
        <type>
          <datatype>
            <class>Report</class>
          </datatype>
        </type>
        <interface type="job_output" generated="true">
          <div xmlns="http://www.w3.org/1999/xhtml" class="parameter " title="" data-issimple="false" data-ismultiple="false" data-default-value="" data-datatype="Report" data-datatype-superclass="" data-biotype="" data-card="" data-formats="" data-parametername="stderr">
            <i>
				(Report)
			</i>
          </div>
        </interface>
        <filenames>
          <code proglang="perl">"water.err"</code>
          <code proglang="python">"water.err"</code>
        </filenames>
      </parameter>
    </parameters>
  </program>
  <name>http://mobyle.pasteur.fr/data/services/servers/local/programs/water.xml</name>
  <host>http://mobyle.pasteur.fr</host>
  <id>http://mobyle.pasteur.fr/data/jobs/water/T03532004271030</id>
  <date>02/09/15  16:18:41</date>
  <email>ines.khelifi@aol.com</email>
  <sessionKey>W08634179831028</sessionKey>
  <data>
    <input>
      <parameter>
        <name>e_asequence</name>
      </parameter>
      <file>
        <raw fmt="RAW" size="4">e_asequence.data</raw>
        <fmtProgram>squizz</fmtProgram>
      </file>
    </input>
    <input>
      <parameter>
        <name>e_bsequence</name>
      </parameter>
      <file>
        <raw fmt="RAW" size="4">e_bsequence.data</raw>
        <fmtProgram>squizz</fmtProgram>
      </file>
    </input>
    <input>
      <parameter>
        <name>e_gapopen</name>
      </parameter>
      <value>1.0</value>
    </input>
    <input>
      <parameter>
        <name>e_gapextend</name>
      </parameter>
      <value>0.0</value>
    </input>
    <output>
      <parameter>
        <name>e_outfile_out2</name>
      </parameter>
      <file size="837">water.align</file>
    </output>
  </data>
  <commandLine>water -asequence=e_asequence.data -bsequence=e_bsequence.data -gapopen=1.0 -gapextend=0.0 -outfile=water.align -auto -stdout</commandLine>
  <status>
    <value>finished</value>
    <message/>
  </status>
</jobState>
