PassengerId,Pclass,Age,SibSp,Parch,Fare,Embarked,Family_Size,Title,Title_Mr,Deck,Side,Fare_Per_Person,AgeClass,Protocole,Gender,Survived
1,3,22.0,1,0,7.25,2,1,5,3,-1,0,3.625,66.0,0,1,0
2,1,38.0,1,0,71.2833,0,1,4,4,3,-1,35.64165,38.0,1,0,1
3,3,26.0,0,0,7.925,2,0,2,2,-1,0,7.925,78.0,1,0,1
4,1,35.0,1,0,53.1,2,1,4,4,3,-1,26.55,35.0,1,0,1
5,3,35.0,0,0,8.05,2,0,5,3,-1,0,8.05,105.0,0,1,0
6,3,28.318910256410255,0,0,8.4583,1,0,5,3,-1,0,8.4583,84.95673076923077,0,1,0
7,1,54.0,0,0,51.8625,2,0,5,3,5,1,51.8625,54.0,0,1,0
8,3,2.0,3,1,21.075,2,4,1,1,-1,0,4.215,6.0,1,1,0
9,3,27.0,0,2,11.1333,2,2,4,4,-1,0,3.7111,81.0,1,0,1
10,2,14.0,1,0,30.0708,0,1,4,4,-1,0,15.0354,28.0,1,0,1
11,3,4.0,1,1,16.7,2,2,2,2,8,1,5.566666666666666,12.0,1,0,1
12,1,58.0,0,0,26.55,2,0,2,2,3,-1,26.55,58.0,1,0,1
13,3,20.0,0,0,8.05,2,0,5,3,-1,0,8.05,60.0,0,1,0
14,3,39.0,1,5,31.275,2,6,5,3,-1,0,4.4678571428571425,117.0,0,1,0
15,3,14.0,0,0,7.8542,2,0,2,2,-1,0,7.8542,42.0,1,0,0
16,2,55.0,0,0,16.0,2,0,4,4,-1,0,16.0,110.0,1,0,1
17,3,2.0,4,1,29.125,1,5,1,1,-1,0,4.854166666666667,6.0,1,1,0
18,2,32.83793103448276,0,0,13.0,2,0,5,3,-1,0,13.0,65.67586206896551,0,1,1
19,3,31.0,1,0,18.0,2,1,4,4,-1,0,9.0,93.0,1,0,0
20,3,32.326530612244895,0,0,7.225,0,0,4,4,-1,0,7.225,96.97959183673468,1,0,1
21,2,35.0,0,0,26.0,2,0,5,3,-1,0,26.0,70.0,0,1,0
22,2,34.0,0,0,13.0,2,0,5,3,4,1,13.0,68.0,0,1,1
23,3,15.0,0,0,8.0292,1,0,2,2,-1,0,8.0292,45.0,1,0,1
24,1,28.0,0,0,35.5,2,0,5,3,1,1,35.5,28.0,0,1,1
25,3,8.0,3,1,21.075,2,4,2,2,-1,0,4.215,24.0,1,0,0
26,3,38.0,1,5,31.3875,2,6,4,4,-1,0,4.483928571428572,114.0,1,0,1
27,3,28.318910256410255,0,0,7.225,0,0,5,3,-1,0,7.225,84.95673076923077,0,1,0
28,1,19.0,3,2,263.0,2,5,5,3,3,-1,43.833333333333336,19.0,0,1,0
29,3,17.36087378640777,0,0,7.8792,1,0,2,2,-1,0,7.8792,52.08262135922331,1,0,1
30,3,28.318910256410255,0,0,7.8958,2,0,5,3,-1,0,7.8958,84.95673076923077,0,1,0
31,1,40.0,0,0,27.7208,0,0,14,3,-1,0,27.7208,40.0,0,1,0
32,1,57.0,1,0,146.5208,0,1,4,4,2,1,73.2604,57.0,1,0,1
33,3,17.36087378640777,0,0,7.75,1,0,2,2,-1,0,7.75,52.08262135922331,1,0,1
34,2,66.0,0,0,10.5,2,0,5,3,-1,0,10.5,132.0,0,1,0
35,1,28.0,1,0,82.1708,0,1,5,3,-1,0,41.0854,28.0,0,1,0
36,1,42.0,1,0,52.0,2,1,5,3,-1,0,26.0,42.0,0,1,0
37,3,28.318910256410255,0,0,7.2292,0,0,5,3,-1,0,7.2292,84.95673076923077,0,1,1
38,3,21.0,0,0,8.05,2,0,5,3,-1,0,8.05,63.0,0,1,0
39,3,18.0,2,0,18.0,2,2,2,2,-1,0,6.0,54.0,1,0,0
40,3,14.0,1,0,11.2417,0,1,2,2,-1,0,5.62085,42.0,1,0,1
41,3,40.0,1,0,9.475,2,1,4,4,-1,0,4.7375,120.0,1,0,0
42,2,27.0,1,0,21.0,2,1,4,4,-1,0,10.5,54.0,1,0,0
43,3,28.318910256410255,0,0,7.8958,0,0,5,3,-1,0,7.8958,84.95673076923077,0,1,0
44,2,3.0,1,2,41.5792,0,3,2,2,-1,0,10.3948,6.0,1,0,1
45,3,19.0,0,0,7.8792,1,0,2,2,-1,0,7.8792,57.0,1,0,1
46,3,28.318910256410255,0,0,8.05,2,0,5,3,-1,0,8.05,84.95673076923077,0,1,0
47,3,28.318910256410255,1,0,15.5,1,1,5,3,-1,0,7.75,84.95673076923077,0,1,0
48,3,17.36087378640777,0,0,7.75,1,0,2,2,-1,0,7.75,52.08262135922331,1,0,1
49,3,28.318910256410255,2,0,21.6792,0,2,5,3,-1,0,7.226400000000001,84.95673076923077,0,1,0
50,3,18.0,1,0,17.8,2,1,4,4,-1,0,8.9,54.0,1,0,0
51,3,7.0,4,1,39.6875,2,5,1,1,-1,0,6.614583333333333,21.0,1,1,0
52,3,21.0,0,0,7.8,2,0,5,3,-1,0,7.8,63.0,0,1,0
53,1,49.0,1,0,76.7292,0,1,4,4,4,-1,38.3646,49.0,1,0,1
54,2,29.0,1,0,26.0,2,1,4,4,-1,0,13.0,58.0,1,0,1
55,1,65.0,0,1,61.9792,0,1,5,3,2,1,30.9896,65.0,0,1,0
56,1,42.1013986013986,0,0,35.5,2,0,5,3,3,1,35.5,42.1013986013986,0,1,1
57,2,21.0,0,0,10.5,2,0,2,2,-1,0,10.5,42.0,1,0,1
58,3,28.5,0,0,7.2292,0,0,5,3,-1,0,7.2292,85.5,0,1,0
59,2,5.0,1,2,27.75,2,3,2,2,-1,0,6.9375,10.0,1,0,1
60,3,11.0,5,2,46.9,2,7,1,1,-1,0,5.8625,33.0,1,1,0
61,3,22.0,0,0,7.2292,0,0,5,3,-1,0,7.2292,66.0,0,1,0
62,1,38.0,0,0,80.0,2,0,2,2,2,1,80.0,38.0,1,0,1
63,1,45.0,1,0,83.475,2,1,5,3,3,-1,41.7375,45.0,0,1,0
64,3,4.0,3,2,27.9,2,5,1,1,-1,0,4.6499999999999995,12.0,1,1,0
65,1,42.1013986013986,0,0,27.7208,0,0,5,3,-1,0,27.7208,42.1013986013986,0,1,0
66,3,6.09,1,1,15.2458,0,2,1,1,-1,0,5.081933333333333,18.27,1,1,1
67,2,29.0,0,0,10.5,2,0,4,4,6,-1,10.5,58.0,1,0,1
68,3,19.0,0,0,8.1583,2,0,5,3,-1,0,8.1583,57.0,0,1,0
69,3,17.0,4,2,7.925,2,6,2,2,-1,0,1.1321428571428571,51.0,1,0,1
70,3,26.0,2,0,8.6625,2,2,5,3,-1,0,2.8874999999999997,78.0,0,1,0
71,2,32.0,0,0,10.5,2,0,5,3,-1,0,10.5,64.0,0,1,0
72,3,16.0,5,2,46.9,2,7,2,2,-1,0,5.8625,48.0,1,0,0
73,2,21.0,0,0,73.5,2,0,5,3,-1,0,73.5,42.0,0,1,0
74,3,26.0,1,0,14.4542,0,1,5,3,-1,0,7.2271,78.0,0,1,0
75,3,32.0,0,0,56.4958,2,0,5,3,-1,0,56.4958,96.0,0,1,1
76,3,25.0,0,0,7.65,2,0,5,3,6,-1,7.65,75.0,0,1,0
77,3,28.318910256410255,0,0,7.8958,2,0,5,3,-1,0,7.8958,84.95673076923077,0,1,0
78,3,28.318910256410255,0,0,8.05,2,0,5,3,-1,0,8.05,84.95673076923077,0,1,0
79,2,0.83,0,2,29.0,2,2,1,1,-1,0,9.666666666666666,1.66,1,1,1
80,3,30.0,0,0,12.475,2,0,2,2,-1,0,12.475,90.0,1,0,1
81,3,22.0,0,0,9.0,2,0,5,3,-1,0,9.0,66.0,0,1,0
82,3,29.0,0,0,9.5,2,0,5,3,-1,0,9.5,87.0,0,1,1
83,3,17.36087378640777,0,0,7.7875,1,0,2,2,-1,0,7.7875,52.08262135922331,1,0,1
84,1,28.0,0,0,47.1,2,0,5,3,-1,0,47.1,28.0,0,1,0
85,2,17.0,0,0,10.5,2,0,2,2,-1,0,10.5,34.0,1,0,1
86,3,33.0,3,0,15.85,2,3,4,4,-1,0,3.9625,99.0,1,0,1
87,3,16.0,1,3,34.375,2,4,5,3,-1,0,6.875,48.0,0,1,0
88,3,28.318910256410255,0,0,8.05,2,0,5,3,-1,0,8.05,84.95673076923077,0,1,0
89,1,23.0,3,2,263.0,2,5,2,2,3,-1,43.833333333333336,23.0,1,0,1
90,3,24.0,0,0,8.05,2,0,5,3,-1,0,8.05,72.0,0,1,0
91,3,29.0,0,0,8.05,2,0,5,3,-1,0,8.05,87.0,0,1,0
92,3,20.0,0,0,7.8542,2,0,5,3,-1,0,7.8542,60.0,0,1,0
93,1,46.0,1,0,61.175,2,1,5,3,5,-1,30.5875,46.0,0,1,0
94,3,26.0,1,2,20.575,2,3,5,3,-1,0,5.14375,78.0,0,1,0
95,3,59.0,0,0,7.25,2,0,5,3,-1,0,7.25,177.0,0,1,0
96,3,28.318910256410255,0,0,8.05,2,0,5,3,-1,0,8.05,84.95673076923077,0,1,0
97,1,71.0,0,0,34.6542,0,0,5,3,1,-1,34.6542,71.0,0,1,0
98,1,23.0,0,1,63.3583,0,1,5,3,4,1,31.67915,23.0,0,1,1
99,2,34.0,0,1,23.0,2,1,4,4,-1,0,11.5,68.0,1,0,1
100,2,34.0,1,0,26.0,2,1,5,3,-1,0,13.0,68.0,0,1,0
101,3,28.0,0,0,7.8958,2,0,2,2,-1,0,7.8958,84.0,1,0,0
102,3,28.318910256410255,0,0,7.8958,2,0,5,3,-1,0,7.8958,84.95673076923077,0,1,0
103,1,21.0,0,1,77.2875,2,1,5,3,4,1,38.64375,21.0,0,1,0
104,3,33.0,0,0,8.6542,2,0,5,3,-1,0,8.6542,99.0,0,1,0
105,3,37.0,2,0,7.925,2,2,5,3,-1,0,2.6416666666666666,111.0,0,1,0
106,3,28.0,0,0,7.8958,2,0,5,3,-1,0,7.8958,84.0,0,1,0
107,3,21.0,0,0,7.65,2,0,2,2,-1,0,7.65,63.0,1,0,1
108,3,28.318910256410255,0,0,7.775,2,0,5,3,-1,0,7.775,84.95673076923077,0,1,1
109,3,38.0,0,0,7.8958,2,0,5,3,-1,0,7.8958,114.0,0,1,0
110,3,17.36087378640777,1,0,24.15,1,1,2,2,-1,0,12.075,52.08262135922331,1,0,1
111,1,47.0,0,0,52.0,2,0,5,3,3,1,52.0,47.0,0,1,0
112,3,14.5,1,0,14.4542,0,1,2,2,-1,0,7.2271,43.5,1,0,0
113,3,22.0,0,0,8.05,2,0,5,3,-1,0,8.05,66.0,0,1,0
114,3,20.0,1,0,9.825,2,1,2,2,-1,0,4.9125,60.0,1,0,0
115,3,17.0,0,0,14.4583,0,0,2,2,-1,0,14.4583,51.0,1,0,0
116,3,21.0,0,0,7.925,2,0,5,3,-1,0,7.925,63.0,0,1,0
117,3,70.5,0,0,7.75,1,0,5,3,-1,0,7.75,211.5,0,1,0
118,2,29.0,1,0,21.0,2,1,5,3,-1,0,10.5,58.0,0,1,0
119,1,24.0,0,1,247.5208,0,1,5,3,2,1,123.7604,24.0,0,1,0
120,3,2.0,4,2,31.275,2,6,2,2,-1,0,4.4678571428571425,6.0,1,0,0
121,2,21.0,2,0,73.5,2,2,5,3,-1,0,24.5,42.0,0,1,0
122,3,28.318910256410255,0,0,8.05,2,0,5,3,-1,0,8.05,84.95673076923077,0,1,0
123,2,32.5,1,0,30.0708,0,1,5,3,-1,0,15.0354,65.0,0,1,0
124,2,32.5,0,0,13.0,2,0,2,2,5,-1,13.0,65.0,1,0,1
125,1,54.0,0,1,77.2875,2,1,5,3,4,1,38.64375,54.0,0,1,0
126,3,12.0,1,0,11.2417,0,1,1,1,-1,0,5.62085,36.0,1,1,1
127,3,28.318910256410255,0,0,7.75,1,0,5,3,-1,0,7.75,84.95673076923077,0,1,0
128,3,24.0,0,0,7.1417,2,0,5,3,-1,0,7.1417,72.0,0,1,1
129,3,17.36087378640777,1,1,22.3583,0,2,2,2,5,-1,7.452766666666666,52.08262135922331,1,0,1
130,3,45.0,0,0,6.975,2,0,5,3,-1,0,6.975,135.0,0,1,0
131,3,33.0,0,0,7.8958,0,0,5,3,-1,0,7.8958,99.0,0,1,0
132,3,20.0,0,0,7.05,2,0,5,3,-1,0,7.05,60.0,0,1,0
133,3,47.0,1,0,14.5,2,1,4,4,-1,0,7.25,141.0,1,0,0
134,2,29.0,1,0,26.0,2,1,4,4,-1,0,13.0,58.0,1,0,1
135,2,25.0,0,0,13.0,2,0,5,3,-1,0,13.0,50.0,0,1,0
136,2,23.0,0,0,15.0458,0,0,5,3,-1,0,15.0458,46.0,0,1,0
137,1,19.0,0,2,26.2833,2,2,2,2,4,-1,8.7611,19.0,1,0,1
138,1,37.0,1,0,53.1,2,1,5,3,3,-1,26.55,37.0,0,1,0
139,3,16.0,0,0,9.2167,2,0,5,3,-1,0,9.2167,48.0,0,1,0
140,1,24.0,0,0,79.2,0,0,5,3,2,1,79.2,24.0,0,1,0
141,3,6.0,0,2,15.2458,0,2,4,4,-1,0,5.081933333333333,18.0,1,0,0
142,3,22.0,0,0,7.75,2,0,2,2,-1,0,7.75,66.0,1,0,1
143,3,24.0,1,0,15.85,2,1,4,4,-1,0,7.925,72.0,1,0,1
144,3,19.0,0,0,6.75,1,0,5,3,-1,0,6.75,57.0,0,1,0
145,2,18.0,0,0,11.5,2,0,5,3,-1,0,11.5,36.0,0,1,0
146,2,19.0,1,1,36.75,2,2,5,3,-1,0,12.25,38.0,0,1,0
147,3,27.0,0,0,7.7958,2,0,5,3,-1,0,7.7958,81.0,0,1,1
148,3,9.0,2,2,34.375,2,4,2,2,-1,0,6.875,27.0,1,0,0
149,2,36.5,0,2,26.0,2,2,5,3,6,1,8.666666666666666,73.0,0,1,0
150,2,42.0,0,0,13.0,2,0,7,3,-1,0,13.0,84.0,0,1,0
151,2,51.0,0,0,12.525,2,0,7,3,-1,0,12.525,102.0,0,1,0
152,1,22.0,1,0,66.6,2,1,4,4,3,1,33.3,22.0,1,0,1
153,3,55.5,0,0,8.05,2,0,5,3,-1,0,8.05,166.5,0,1,0
154,3,40.5,0,2,14.5,2,2,5,3,-1,0,4.833333333333333,121.5,0,1,0
155,3,28.318910256410255,0,0,7.3125,2,0,5,3,-1,0,7.3125,84.95673076923077,0,1,0
156,1,51.0,0,1,61.3792,0,1,5,3,-1,0,30.6896,51.0,0,1,0
157,3,16.0,0,0,7.7333,1,0,2,2,-1,0,7.7333,48.0,1,0,1
158,3,30.0,0,0,8.05,2,0,5,3,-1,0,8.05,90.0,0,1,0
159,3,28.318910256410255,0,0,8.6625,2,0,5,3,-1,0,8.6625,84.95673076923077,0,1,0
160,3,14.5,8,2,69.55,2,10,1,1,-1,0,6.322727272727272,43.5,1,1,0
161,3,44.0,0,1,16.1,2,1,5,3,-1,0,8.05,132.0,0,1,0
162,2,40.0,0,0,15.75,2,0,4,4,-1,0,15.75,80.0,1,0,1
163,3,26.0,0,0,7.775,2,0,5,3,-1,0,7.775,78.0,0,1,0
164,3,17.0,0,0,8.6625,2,0,5,3,-1,0,8.6625,51.0,0,1,0
165,3,1.0,4,1,39.6875,2,5,1,1,-1,0,6.614583333333333,3.0,1,1,0
166,3,9.0,0,2,20.525,2,2,1,1,-1,0,6.841666666666666,27.0,1,1,1
167,1,42.78947368421053,0,1,55.0,2,1,4,4,5,-1,27.5,42.78947368421053,1,0,1
168,3,45.0,1,4,27.9,2,5,4,4,-1,0,4.6499999999999995,135.0,1,0,0
169,1,42.1013986013986,0,0,25.925,2,0,5,3,-1,0,25.925,42.1013986013986,0,1,0
170,3,28.0,0,0,56.4958,2,0,5,3,-1,0,56.4958,84.0,0,1,0
171,1,61.0,0,0,33.5,2,0,5,3,2,-1,33.5,61.0,0,1,0
172,3,4.0,4,1,29.125,1,5,1,1,-1,0,4.854166666666667,12.0,1,1,0
173,3,1.0,1,1,11.1333,2,2,2,2,-1,0,3.7111,3.0,1,0,1
174,3,21.0,0,0,7.925,2,0,5,3,-1,0,7.925,63.0,0,1,0
175,1,56.0,0,0,30.6958,0,0,5,3,1,-1,30.6958,56.0,0,1,0
176,3,18.0,1,1,7.8542,2,2,5,3,-1,0,2.6180666666666665,54.0,0,1,0
177,3,6.09,3,1,25.4667,2,4,1,1,-1,0,5.0933399999999995,18.27,1,1,0
178,1,50.0,0,0,28.7125,0,0,2,2,3,-1,28.7125,50.0,1,0,0
179,2,30.0,0,0,13.0,2,0,5,3,-1,0,13.0,60.0,0,1,0
180,3,36.0,0,0,13.378473295454542,2,0,5,3,-1,0,13.378473295454542,108.0,0,1,0
181,3,14.5,8,2,69.55,2,10,2,2,-1,0,6.322727272727272,43.5,1,0,0
182,2,32.83793103448276,0,0,15.05,0,0,5,3,-1,0,15.05,65.67586206896551,0,1,0
183,3,9.0,4,2,31.3875,2,6,1,1,-1,0,4.483928571428572,27.0,1,1,0
184,2,1.0,2,1,39.0,2,3,1,1,6,1,9.75,2.0,1,1,1
185,3,4.0,0,2,22.025,2,2,2,2,-1,0,7.341666666666666,12.0,1,0,1
186,1,42.1013986013986,0,0,50.0,2,0,5,3,1,1,50.0,42.1013986013986,0,1,0
187,3,32.326530612244895,1,0,15.5,1,1,4,4,-1,0,7.75,96.97959183673468,1,0,1
188,1,45.0,0,0,26.55,2,0,5,3,-1,0,26.55,45.0,0,1,1
189,3,40.0,1,1,15.5,1,2,5,3,-1,0,5.166666666666667,120.0,0,1,0
190,3,36.0,0,0,7.8958,2,0,5,3,-1,0,7.8958,108.0,0,1,0
191,2,32.0,0,0,13.0,2,0,4,4,-1,0,13.0,64.0,1,0,1
192,2,19.0,0,0,13.0,2,0,5,3,-1,0,13.0,38.0,0,1,0
193,3,19.0,1,0,7.8542,2,1,2,2,-1,0,3.9271,57.0,1,0,1
194,2,3.0,1,1,26.0,2,2,1,1,6,1,8.666666666666666,6.0,1,1,1
195,1,44.0,0,0,27.7208,0,0,4,4,2,1,27.7208,44.0,1,0,1
196,1,58.0,0,0,146.5208,0,0,2,2,2,1,146.5208,58.0,1,0,1
197,3,28.318910256410255,0,0,7.75,1,0,5,3,-1,0,7.75,84.95673076923077,0,1,0
198,3,42.0,0,1,8.4042,2,1,5,3,-1,0,4.2021,126.0,0,1,0
199,3,17.36087378640777,0,0,7.75,1,0,2,2,-1,0,7.75,52.08262135922331,1,0,1
200,2,24.0,0,0,13.0,2,0,4,4,-1,0,13.0,48.0,1,0,0
201,3,28.0,0,0,9.5,2,0,5,3,-1,0,9.5,84.0,0,1,0
202,3,14.5,8,2,69.55,2,10,5,3,-1,0,6.322727272727272,43.5,1,1,0
203,3,34.0,0,0,6.4958,2,0,5,3,-1,0,6.4958,102.0,0,1,0
204,3,45.5,0,0,7.225,0,0,5,3,-1,0,7.225,136.5,0,1,0
205,3,18.0,0,0,8.05,2,0,5,3,-1,0,8.05,54.0,0,1,1
206,3,2.0,0,1,10.4625,2,1,2,2,8,1,5.23125,6.0,1,0,0
207,3,32.0,1,0,15.85,2,1,5,3,-1,0,7.925,96.0,0,1,0
208,3,26.0,0,0,18.7875,0,0,5,3,-1,0,18.7875,78.0,0,1,1
209,3,16.0,0,0,7.75,1,0,2,2,-1,0,7.75,48.0,1,0,1
210,1,40.0,0,0,31.0,0,0,5,3,1,-1,31.0,40.0,0,1,1
211,3,24.0,0,0,7.05,2,0,5,3,-1,0,7.05,72.0,0,1,0
212,2,35.0,0,0,21.0,2,0,2,2,-1,0,21.0,70.0,1,0,1
213,3,22.0,0,0,7.25,2,0,5,3,-1,0,7.25,66.0,0,1,0
214,2,30.0,0,0,13.0,2,0,5,3,-1,0,13.0,60.0,0,1,0
215,3,28.318910256410255,1,0,7.75,1,1,5,3,-1,0,3.875,84.95673076923077,0,1,0
216,1,31.0,1,0,113.275,0,1,2,2,4,1,56.6375,31.0,1,0,1
217,3,27.0,0,0,7.925,2,0,2,2,-1,0,7.925,81.0,1,0,1
218,2,42.0,1,0,27.0,2,1,5,3,-1,0,13.5,84.0,0,1,0
219,1,32.0,0,0,76.2917,0,0,2,2,4,-1,76.2917,32.0,1,0,1
220,2,30.0,0,0,10.5,2,0,5,3,-1,0,10.5,60.0,0,1,0
221,3,16.0,0,0,8.05,2,0,5,3,-1,0,8.05,48.0,0,1,1
222,2,27.0,0,0,13.0,2,0,5,3,-1,0,13.0,54.0,0,1,0
223,3,51.0,0,0,8.05,2,0,5,3,-1,0,8.05,153.0,0,1,0
224,3,28.318910256410255,0,0,7.8958,2,0,5,3,-1,0,7.8958,84.95673076923077,0,1,0
225,1,38.0,1,0,90.0,2,1,5,3,3,-1,45.0,38.0,0,1,1
226,3,22.0,0,0,9.35,2,0,5,3,-1,0,9.35,66.0,0,1,0
227,2,19.0,0,0,10.5,2,0,5,3,-1,0,10.5,38.0,0,1,1
228,3,20.5,0,0,7.25,2,0,5,3,-1,0,7.25,61.5,0,1,0
229,2,18.0,0,0,13.0,2,0,5,3,-1,0,13.0,36.0,0,1,0
230,3,17.36087378640777,3,1,25.4667,2,4,2,2,-1,0,5.0933399999999995,52.08262135922331,1,0,0
231,1,35.0,1,0,83.475,2,1,4,4,3,-1,41.7375,35.0,1,0,1
232,3,29.0,0,0,7.775,2,0,5,3,-1,0,7.775,87.0,0,1,0
233,2,59.0,0,0,13.5,2,0,5,3,-1,0,13.5,118.0,0,1,0
234,3,5.0,4,2,31.3875,2,6,2,2,-1,0,4.483928571428572,15.0,1,0,1
235,2,24.0,0,0,10.5,2,0,5,3,-1,0,10.5,48.0,0,1,0
236,3,17.36087378640777,0,0,7.55,2,0,2,2,-1,0,7.55,52.08262135922331,1,0,0
237,2,44.0,1,0,26.0,2,1,5,3,-1,0,13.0,88.0,0,1,0
238,2,8.0,0,2,26.25,2,2,2,2,-1,0,8.75,16.0,1,0,1
239,2,19.0,0,0,10.5,2,0,5,3,-1,0,10.5,38.0,0,1,0
240,2,33.0,0,0,12.275,2,0,5,3,-1,0,12.275,66.0,0,1,0
241,3,17.36087378640777,1,0,14.4542,0,1,2,2,-1,0,7.2271,52.08262135922331,1,0,0
242,3,17.36087378640777,1,0,15.5,1,1,2,2,-1,0,7.75,52.08262135922331,1,0,1
243,2,29.0,0,0,10.5,2,0,5,3,-1,0,10.5,58.0,0,1,0
244,3,22.0,0,0,7.125,2,0,5,3,-1,0,7.125,66.0,0,1,0
245,3,30.0,0,0,7.225,0,0,5,3,-1,0,7.225,90.0,0,1,0
246,1,44.0,2,0,90.0,1,2,8,4,3,1,30.0,44.0,0,1,0
247,3,25.0,0,0,7.775,2,0,2,2,-1,0,7.775,75.0,1,0,0
248,2,24.0,0,2,14.5,2,2,4,4,-1,0,4.833333333333333,48.0,1,0,1
249,1,37.0,1,1,52.5542,2,2,5,3,4,-1,17.518066666666666,37.0,0,1,1
250,2,54.0,1,0,26.0,2,1,7,3,-1,0,13.0,108.0,0,1,0
251,3,28.318910256410255,0,0,7.25,2,0,5,3,-1,0,7.25,84.95673076923077,0,1,0
252,3,29.0,1,1,10.4625,2,2,4,4,8,1,3.4875000000000003,87.0,1,0,0
253,1,62.0,0,0,26.55,2,0,5,3,3,-1,26.55,62.0,0,1,0
254,3,30.0,1,0,16.1,2,1,5,3,-1,0,8.05,90.0,0,1,0
255,3,41.0,0,2,20.2125,2,2,4,4,-1,0,6.7375,123.0,1,0,0
256,3,29.0,0,2,15.2458,0,2,4,4,-1,0,5.081933333333333,87.0,1,0,1
257,1,42.78947368421053,0,0,79.2,0,0,4,4,-1,0,79.2,42.78947368421053,1,0,1
258,1,30.0,0,0,86.5,2,0,2,2,2,-1,86.5,30.0,1,0,1
259,1,35.0,0,0,512.3292,0,0,2,2,-1,0,512.3292,35.0,1,0,1
260,2,50.0,0,1,26.0,2,1,4,4,-1,0,13.0,100.0,1,0,1
261,3,28.318910256410255,0,0,7.75,1,0,5,3,-1,0,7.75,84.95673076923077,0,1,0
262,3,3.0,4,2,31.3875,2,6,1,1,-1,0,4.483928571428572,9.0,1,1,1
263,1,52.0,1,1,79.65,2,2,5,3,5,-1,26.55,52.0,0,1,0
264,1,40.0,0,0,89.44748196202534,2,0,5,3,2,1,89.44748196202534,40.0,0,1,0
265,3,17.36087378640777,0,0,7.75,1,0,2,2,-1,0,7.75,52.08262135922331,1,0,0
266,2,36.0,0,0,10.5,2,0,5,3,-1,0,10.5,72.0,0,1,0
267,3,16.0,4,1,39.6875,2,5,5,3,-1,0,6.614583333333333,48.0,0,1,0
268,3,25.0,1,0,7.775,2,1,5,3,-1,0,3.8875,75.0,0,1,1
269,1,58.0,0,1,153.4625,2,1,4,4,3,-1,76.73125,58.0,1,0,1
270,1,35.0,0,0,135.6333,2,0,2,2,3,-1,135.6333,35.0,1,0,1
271,1,42.1013986013986,0,0,31.0,2,0,5,3,-1,0,31.0,42.1013986013986,0,1,0
272,3,25.0,0,0,13.378473295454542,2,0,5,3,-1,0,13.378473295454542,75.0,0,1,1
273,2,41.0,0,1,19.5,2,1,4,4,-1,0,9.75,82.0,1,0,1
274,1,37.0,0,1,29.7,0,1,5,3,3,1,14.85,37.0,0,1,0
275,3,17.36087378640777,0,0,7.75,1,0,2,2,-1,0,7.75,52.08262135922331,1,0,1
276,1,63.0,1,0,77.9583,2,1,2,2,4,-1,38.97915,63.0,1,0,1
277,3,45.0,0,0,7.75,2,0,2,2,-1,0,7.75,135.0,1,0,0
278,2,32.83793103448276,0,0,21.64810848708488,2,0,5,3,-1,0,21.64810848708488,65.67586206896551,0,1,0
279,3,7.0,4,1,29.125,1,5,1,1,-1,0,4.854166666666667,21.0,1,1,0
280,3,35.0,1,1,20.25,2,2,4,4,-1,0,6.75,105.0,1,0,1
281,3,65.0,0,0,7.75,1,0,5,3,-1,0,7.75,195.0,0,1,0
282,3,28.0,0,0,7.8542,2,0,5,3,-1,0,7.8542,84.0,0,1,0
283,3,16.0,0,0,9.5,2,0,5,3,-1,0,9.5,48.0,0,1,0
284,3,19.0,0,0,8.05,2,0,5,3,-1,0,8.05,57.0,0,1,1
285,1,42.1013986013986,0,0,26.0,2,0,5,3,1,-1,26.0,42.1013986013986,0,1,0
286,3,33.0,0,0,8.6625,0,0,5,3,-1,0,8.6625,99.0,0,1,0
287,3,30.0,0,0,9.5,2,0,5,3,-1,0,9.5,90.0,0,1,1
288,3,22.0,0,0,7.8958,2,0,5,3,-1,0,7.8958,66.0,0,1,0
289,2,42.0,0,0,13.0,2,0,5,3,-1,0,13.0,84.0,0,1,1
290,3,22.0,0,0,7.75,1,0,2,2,-1,0,7.75,66.0,1,0,1
291,1,26.0,0,0,78.85,2,0,2,2,-1,0,78.85,26.0,1,0,1
292,1,19.0,1,0,91.0792,0,1,4,4,2,-1,45.5396,19.0,1,0,1
293,2,36.0,0,0,12.875,0,0,5,3,4,0,12.875,72.0,0,1,0
294,3,24.0,0,0,8.85,2,0,2,2,-1,0,8.85,72.0,1,0,0
295,3,24.0,0,0,7.8958,2,0,5,3,-1,0,7.8958,72.0,0,1,0
296,1,42.1013986013986,0,0,27.7208,0,0,5,3,-1,0,27.7208,42.1013986013986,0,1,0
297,3,23.5,0,0,7.2292,0,0,5,3,-1,0,7.2292,70.5,0,1,0
298,1,2.0,1,2,151.55,2,3,2,2,3,1,37.8875,2.0,1,0,0
299,1,42.1013986013986,0,0,30.5,2,0,5,3,3,1,30.5,42.1013986013986,0,1,1
300,1,50.0,0,1,247.5208,0,1,4,4,2,1,123.7604,50.0,1,0,1
301,3,17.36087378640777,0,0,7.75,1,0,2,2,-1,0,7.75,52.08262135922331,1,0,1
302,3,28.318910256410255,2,0,23.25,1,2,5,3,-1,0,7.75,84.95673076923077,0,1,1
303,3,19.0,0,0,13.378473295454542,2,0,5,3,-1,0,13.378473295454542,57.0,0,1,0
304,2,20.83872340425532,0,0,12.35,1,0,2,2,5,-1,12.35,41.67744680851064,1,0,1
305,3,28.318910256410255,0,0,8.05,2,0,5,3,-1,0,8.05,84.95673076923077,0,1,0
306,1,0.92,1,2,151.55,2,3,1,1,3,1,37.8875,0.92,1,1,1
307,1,30.233333333333334,0,0,110.8833,0,0,2,2,-1,0,110.8833,30.233333333333334,1,0,1
308,1,17.0,1,0,108.9,0,1,4,4,3,-1,54.45,17.0,1,0,1
309,2,30.0,1,0,24.0,0,1,5,3,-1,0,12.0,60.0,0,1,0
310,1,30.0,0,0,56.9292,0,0,2,2,5,1,56.9292,30.0,1,0,1
311,1,24.0,0,0,83.1583,0,0,2,2,3,1,83.1583,24.0,1,0,1
312,1,18.0,2,2,262.375,0,4,2,2,2,1,52.475,18.0,1,0,1
313,2,26.0,1,1,26.0,2,2,4,4,-1,0,8.666666666666666,52.0,1,0,0
314,3,28.0,0,0,7.8958,2,0,5,3,-1,0,7.8958,84.0,0,1,0
315,2,43.0,1,1,26.25,2,2,5,3,-1,0,8.75,86.0,0,1,0
316,3,26.0,0,0,7.8542,2,0,2,2,-1,0,7.8542,78.0,1,0,1
317,2,24.0,1,0,26.0,2,1,4,4,-1,0,13.0,48.0,1,0,1
318,2,54.0,0,0,14.0,2,0,8,4,-1,0,14.0,108.0,0,1,0
319,1,31.0,0,2,164.8667,2,2,2,2,3,-1,54.95556666666667,31.0,1,0,1
320,1,40.0,1,1,134.5,0,2,4,4,5,1,44.833333333333336,40.0,1,0,1
321,3,22.0,0,0,7.25,2,0,5,3,-1,0,7.25,66.0,0,1,0
322,3,27.0,0,0,7.8958,2,0,5,3,-1,0,7.8958,81.0,0,1,0
323,2,30.0,0,0,12.35,1,0,2,2,-1,0,12.35,60.0,1,0,1
324,2,22.0,1,1,29.0,2,2,4,4,-1,0,9.666666666666666,44.0,1,0,1
325,3,14.5,8,2,69.55,2,10,5,3,-1,0,6.322727272727272,43.5,1,1,0
326,1,36.0,0,0,135.6333,0,0,2,2,3,1,135.6333,36.0,1,0,1
327,3,61.0,0,0,6.2375,2,0,5,3,-1,0,6.2375,183.0,0,1,0
328,2,36.0,0,0,13.0,2,0,4,4,4,0,13.0,72.0,1,0,1
329,3,31.0,1,1,20.525,2,2,4,4,-1,0,6.841666666666666,93.0,1,0,1
330,1,16.0,0,1,57.9792,0,1,2,2,2,1,28.9896,16.0,1,0,1
331,3,17.36087378640777,2,0,23.25,1,2,2,2,-1,0,7.75,52.08262135922331,1,0,1
332,1,45.5,0,0,28.5,2,0,5,3,3,1,28.5,45.5,0,1,0
333,1,38.0,0,1,153.4625,2,1,5,3,3,-1,76.73125,38.0,0,1,0
334,3,16.0,2,0,18.0,2,2,5,3,-1,0,6.0,48.0,0,1,0
335,1,42.78947368421053,1,0,133.65,2,1,4,4,-1,0,66.825,42.78947368421053,1,0,1
336,3,28.318910256410255,0,0,7.8958,2,0,5,3,-1,0,7.8958,84.95673076923077,0,1,0
337,1,29.0,1,0,66.6,2,1,5,3,3,1,33.3,29.0,0,1,0
338,1,41.0,0,0,134.5,0,0,2,2,5,1,134.5,41.0,1,0,1
339,3,45.0,0,0,8.05,2,0,5,3,-1,0,8.05,135.0,0,1,1
340,1,45.0,0,0,35.5,2,0,5,3,7,0,35.5,45.0,0,1,0
341,2,2.0,1,1,26.0,2,2,1,1,6,1,8.666666666666666,4.0,1,1,1
342,1,24.0,3,2,263.0,2,5,2,2,3,-1,43.833333333333336,24.0,1,0,1
343,2,28.0,0,0,13.0,2,0,5,3,-1,0,13.0,56.0,0,1,0
344,2,25.0,0,0,13.0,2,0,5,3,-1,0,13.0,50.0,0,1,0
345,2,36.0,0,0,13.0,2,0,5,3,-1,0,13.0,72.0,0,1,0
346,2,24.0,0,0,13.0,2,0,2,2,6,-1,13.0,48.0,1,0,1
347,2,40.0,0,0,13.0,2,0,2,2,-1,0,13.0,80.0,1,0,1
348,3,32.326530612244895,1,0,16.1,2,1,4,4,-1,0,8.05,96.97959183673468,1,0,1
349,3,3.0,1,1,15.9,2,2,1,1,-1,0,5.3,9.0,1,1,1
350,3,42.0,0,0,8.6625,2,0,5,3,-1,0,8.6625,126.0,0,1,0
351,3,23.0,0,0,9.225,2,0,5,3,-1,0,9.225,69.0,0,1,0
352,1,42.1013986013986,0,0,35.0,2,0,5,3,3,1,35.0,42.1013986013986,0,1,0
353,3,15.0,1,1,7.2292,0,2,5,3,-1,0,2.409733333333333,45.0,0,1,0
354,3,25.0,1,0,17.8,2,1,5,3,-1,0,8.9,75.0,0,1,0
355,3,28.318910256410255,0,0,7.225,0,0,5,3,-1,0,7.225,84.95673076923077,0,1,0
356,3,28.0,0,0,9.5,2,0,5,3,-1,0,9.5,84.0,0,1,0
357,1,22.0,0,1,55.0,2,1,2,2,5,-1,27.5,22.0,1,0,1
358,2,38.0,0,0,13.0,2,0,2,2,-1,0,13.0,76.0,1,0,0
359,3,17.36087378640777,0,0,7.8792,1,0,2,2,-1,0,7.8792,52.08262135922331,1,0,1
360,3,17.36087378640777,0,0,7.8792,1,0,2,2,-1,0,7.8792,52.08262135922331,1,0,1
361,3,40.0,1,4,27.9,2,5,5,3,-1,0,4.6499999999999995,120.0,0,1,0
362,2,29.0,1,0,27.7208,0,1,5,3,-1,0,13.8604,58.0,0,1,0
363,3,45.0,0,1,14.4542,0,1,4,4,-1,0,7.2271,135.0,1,0,0
364,3,35.0,0,0,7.05,2,0,5,3,-1,0,7.05,105.0,0,1,0
365,3,28.318910256410255,1,0,15.5,1,1,5,3,-1,0,7.75,84.95673076923077,0,1,0
366,3,30.0,0,0,7.25,2,0,5,3,-1,0,7.25,90.0,0,1,0
367,1,60.0,1,0,75.25,0,1,4,4,4,-1,37.625,60.0,1,0,1
368,3,32.326530612244895,0,0,7.2292,0,0,4,4,-1,0,7.2292,96.97959183673468,1,0,1
369,3,17.36087378640777,0,0,7.75,1,0,2,2,-1,0,7.75,52.08262135922331,1,0,1
370,1,24.0,0,0,69.3,0,0,12,4,2,-1,69.3,24.0,1,0,1
371,1,25.0,1,0,55.4417,0,1,5,3,5,1,27.72085,25.0,0,1,1
372,3,18.0,1,0,6.4958,2,1,5,3,-1,0,3.2479,54.0,0,1,0
373,3,19.0,0,0,8.05,2,0,5,3,-1,0,8.05,57.0,0,1,0
374,1,22.0,0,0,135.6333,0,0,5,3,-1,0,135.6333,22.0,0,1,0
375,3,3.0,3,1,21.075,2,4,2,2,-1,0,4.215,9.0,1,0,0
376,1,42.78947368421053,1,0,82.1708,0,1,4,4,-1,0,41.0854,42.78947368421053,1,0,1
377,3,22.0,0,0,7.25,2,0,2,2,-1,0,7.25,66.0,1,0,1
378,1,27.0,0,2,211.5,0,2,5,3,3,1,70.5,27.0,0,1,0
379,3,20.0,0,0,4.0125,0,0,5,3,-1,0,4.0125,60.0,0,1,0
380,3,19.0,0,0,7.775,2,0,5,3,-1,0,7.775,57.0,0,1,0
381,1,42.0,0,0,227.525,0,0,2,2,-1,0,227.525,42.0,1,0,1
382,3,1.0,0,2,15.7417,0,2,2,2,-1,0,5.247233333333333,3.0,1,0,1
383,3,32.0,0,0,7.925,2,0,5,3,-1,0,7.925,96.0,0,1,0
384,1,35.0,1,0,52.0,2,1,4,4,-1,0,26.0,35.0,1,0,1
385,3,28.318910256410255,0,0,7.8958,2,0,5,3,-1,0,7.8958,84.95673076923077,0,1,0
386,2,18.0,0,0,73.5,2,0,5,3,-1,0,73.5,36.0,0,1,0
387,3,1.0,5,2,46.9,2,7,1,1,-1,0,5.8625,3.0,1,1,0
388,2,36.0,0,0,13.0,2,0,2,2,-1,0,13.0,72.0,1,0,1
389,3,28.318910256410255,0,0,7.7292,1,0,5,3,-1,0,7.7292,84.95673076923077,0,1,0
390,2,17.0,0,0,12.0,0,0,2,2,-1,0,12.0,34.0,1,0,1
391,1,36.0,1,2,120.0,2,3,5,3,2,1,30.0,36.0,0,1,1
392,3,21.0,0,0,7.7958,2,0,5,3,-1,0,7.7958,63.0,0,1,1
393,3,28.0,2,0,7.925,2,2,5,3,-1,0,2.6416666666666666,84.0,0,1,0
394,1,23.0,1,0,113.275,0,1,2,2,4,1,56.6375,23.0,1,0,1
395,3,24.0,0,2,16.7,2,2,4,4,8,1,5.566666666666666,72.0,1,0,1
396,3,22.0,0,0,7.7958,2,0,5,3,-1,0,7.7958,66.0,0,1,0
397,3,31.0,0,0,7.8542,2,0,2,2,-1,0,7.8542,93.0,1,0,0
398,2,46.0,0,0,26.0,2,0,5,3,-1,0,26.0,92.0,0,1,0
399,2,23.0,0,0,10.5,2,0,8,4,-1,0,10.5,46.0,0,1,0
400,2,28.0,0,0,12.65,2,0,4,4,-1,0,12.65,56.0,1,0,1
401,3,39.0,0,0,7.925,2,0,5,3,-1,0,7.925,117.0,0,1,1
402,3,26.0,0,0,8.05,2,0,5,3,-1,0,8.05,78.0,0,1,0
403,3,21.0,1,0,9.825,2,1,2,2,-1,0,4.9125,63.0,1,0,0
404,3,28.0,1,0,15.85,2,1,5,3,-1,0,7.925,84.0,0,1,0
405,3,20.0,0,0,8.6625,2,0,2,2,-1,0,8.6625,60.0,1,0,0
406,2,34.0,1,0,21.0,2,1,5,3,-1,0,10.5,68.0,0,1,0
407,3,51.0,0,0,7.75,2,0,5,3,-1,0,7.75,153.0,0,1,0
408,2,3.0,1,1,18.75,2,2,1,1,-1,0,6.25,6.0,1,1,1
409,3,21.0,0,0,7.775,2,0,5,3,-1,0,7.775,63.0,0,1,0
410,3,17.36087378640777,3,1,25.4667,2,4,2,2,-1,0,5.0933399999999995,52.08262135922331,1,0,0
411,3,28.318910256410255,0,0,7.8958,2,0,5,3,-1,0,7.8958,84.95673076923077,0,1,0
412,3,28.318910256410255,0,0,6.8583,1,0,5,3,-1,0,6.8583,84.95673076923077,0,1,0
413,1,33.0,1,0,90.0,1,1,2,2,3,1,45.0,33.0,1,0,1
414,2,32.83793103448276,0,0,21.64810848708488,2,0,5,3,-1,0,21.64810848708488,65.67586206896551,0,1,0
415,3,44.0,0,0,7.925,2,0,5,3,-1,0,7.925,132.0,0,1,1
416,3,32.326530612244895,0,0,8.05,2,0,4,4,-1,0,8.05,96.97959183673468,1,0,0
417,2,34.0,1,1,32.5,2,2,4,4,-1,0,10.833333333333334,68.0,1,0,1
418,2,18.0,0,2,13.0,2,2,2,2,-1,0,4.333333333333333,36.0,1,0,1
419,2,30.0,0,0,13.0,2,0,5,3,-1,0,13.0,60.0,0,1,0
420,3,10.0,0,2,24.15,2,2,2,2,-1,0,8.049999999999999,30.0,1,0,0
421,3,28.318910256410255,0,0,7.8958,0,0,5,3,-1,0,7.8958,84.95673076923077,0,1,0
422,3,21.0,0,0,7.7333,1,0,5,3,-1,0,7.7333,63.0,0,1,0
423,3,29.0,0,0,7.875,2,0,5,3,-1,0,7.875,87.0,0,1,0
424,3,28.0,1,1,14.4,2,2,4,4,-1,0,4.8,84.0,1,0,0
425,3,18.0,1,1,20.2125,2,2,5,3,-1,0,6.7375,54.0,0,1,0
426,3,28.318910256410255,0,0,7.25,2,0,5,3,-1,0,7.25,84.95673076923077,0,1,0
427,2,28.0,1,0,26.0,2,1,4,4,-1,0,13.0,56.0,1,0,1
428,2,19.0,0,0,26.0,2,0,4,4,-1,0,26.0,38.0,1,0,1
429,3,28.318910256410255,0,0,7.75,1,0,5,3,-1,0,7.75,84.95673076923077,0,1,0
430,3,32.0,0,0,8.05,2,0,5,3,5,1,8.05,96.0,0,1,1
431,1,28.0,0,0,26.55,2,0,5,3,3,1,26.55,28.0,0,1,1
432,3,32.326530612244895,1,0,16.1,2,1,4,4,-1,0,8.05,96.97959183673468,1,0,1
433,2,42.0,1,0,26.0,2,1,4,4,-1,0,13.0,84.0,1,0,1
434,3,17.0,0,0,7.125,2,0,5,3,-1,0,7.125,51.0,0,1,0
435,1,50.0,1,0,55.9,2,1,5,3,5,1,27.95,50.0,0,1,0
436,1,14.0,1,2,120.0,2,3,2,2,2,1,30.0,14.0,1,0,1
437,3,21.0,2,2,34.375,2,4,2,2,-1,0,6.875,63.0,1,0,0
438,2,24.0,2,3,18.75,2,5,4,4,-1,0,3.125,48.0,1,0,1
439,1,64.0,1,4,263.0,2,5,5,3,3,-1,43.833333333333336,64.0,0,1,0
440,2,31.0,0,0,10.5,2,0,5,3,-1,0,10.5,62.0,0,1,0
441,2,45.0,1,1,26.25,2,2,4,4,-1,0,8.75,90.0,1,0,1
442,3,20.0,0,0,9.5,2,0,5,3,-1,0,9.5,60.0,0,1,0
443,3,25.0,1,0,7.775,2,1,5,3,-1,0,3.8875,75.0,0,1,0
444,2,28.0,0,0,13.0,2,0,9,2,-1,0,13.0,56.0,1,0,1
445,3,28.318910256410255,0,0,8.1125,2,0,5,3,-1,0,8.1125,84.95673076923077,0,1,1
446,1,4.0,0,2,81.8583,2,2,1,1,1,1,27.2861,4.0,1,1,1
447,2,13.0,0,1,19.5,2,1,2,2,-1,0,9.75,26.0,1,0,1
448,1,34.0,0,0,26.55,2,0,5,3,-1,0,26.55,34.0,0,1,1
449,3,5.0,2,1,19.2583,0,3,2,2,-1,0,4.814575,15.0,1,0,1
450,1,52.0,0,0,30.5,2,0,6,3,3,1,30.5,52.0,0,1,1
451,2,36.0,1,2,27.75,2,3,5,3,-1,0,6.9375,72.0,0,1,0
452,3,28.318910256410255,1,0,19.9667,2,1,5,3,-1,0,9.98335,84.95673076923077,0,1,0
453,1,30.0,0,0,27.75,0,0,5,3,3,-1,27.75,30.0,0,1,0
454,1,49.0,1,0,89.1042,0,1,5,3,3,1,44.5521,49.0,0,1,1
455,3,28.318910256410255,0,0,8.05,2,0,5,3,-1,0,8.05,84.95673076923077,0,1,0
456,3,29.0,0,0,7.8958,0,0,5,3,-1,0,7.8958,87.0,0,1,1
457,1,65.0,0,0,26.55,2,0,5,3,5,1,26.55,65.0,0,1,0
458,1,41.0,1,0,51.8625,2,1,4,4,4,-1,25.93125,41.0,1,0,1
459,2,50.0,0,0,10.5,2,0,2,2,-1,0,10.5,100.0,1,0,1
460,3,28.318910256410255,0,0,7.75,1,0,5,3,-1,0,7.75,84.95673076923077,0,1,0
461,1,48.0,0,0,26.55,2,0,5,3,5,1,26.55,48.0,0,1,1
462,3,34.0,0,0,8.05,2,0,5,3,-1,0,8.05,102.0,0,1,0
463,1,47.0,0,0,38.5,2,0,5,3,5,-1,38.5,47.0,0,1,0
464,2,48.0,0,0,13.0,2,0,5,3,-1,0,13.0,96.0,0,1,0
465,3,28.318910256410255,0,0,8.05,2,0,5,3,-1,0,8.05,84.95673076923077,0,1,0
466,3,38.0,0,0,7.05,2,0,5,3,-1,0,7.05,114.0,0,1,0
467,2,32.83793103448276,0,0,21.64810848708488,2,0,5,3,-1,0,21.64810848708488,65.67586206896551,0,1,0
468,1,56.0,0,0,26.55,2,0,5,3,-1,0,26.55,56.0,0,1,0
469,3,28.318910256410255,0,0,7.725,1,0,5,3,-1,0,7.725,84.95673076923077,0,1,0
470,3,0.75,2,1,19.2583,0,3,2,2,-1,0,4.814575,2.25,1,0,1
471,3,28.318910256410255,0,0,7.25,2,0,5,3,-1,0,7.25,84.95673076923077,0,1,0
472,3,38.0,0,0,8.6625,2,0,5,3,-1,0,8.6625,114.0,0,1,0
473,2,33.0,1,2,27.75,2,3,4,4,-1,0,6.9375,66.0,1,0,1
474,2,23.0,0,0,13.7917,0,0,4,4,4,0,13.7917,46.0,1,0,1
475,3,22.0,0,0,9.8375,2,0,2,2,-1,0,9.8375,66.0,1,0,0
476,1,42.1013986013986,0,0,52.0,2,0,5,3,1,1,52.0,42.1013986013986,0,1,0
477,2,34.0,1,0,21.0,2,1,5,3,-1,0,10.5,68.0,0,1,0
478,3,29.0,1,0,7.0458,2,1,5,3,-1,0,3.5229,87.0,0,1,0
479,3,22.0,0,0,7.5208,2,0,5,3,-1,0,7.5208,66.0,0,1,0
480,3,2.0,0,1,12.2875,2,1,2,2,-1,0,6.14375,6.0,1,0,1
481,3,9.0,5,2,46.9,2,7,1,1,-1,0,5.8625,27.0,1,1,0
482,2,32.83793103448276,0,0,21.64810848708488,2,0,5,3,-1,0,21.64810848708488,65.67586206896551,0,1,0
483,3,50.0,0,0,8.05,2,0,5,3,-1,0,8.05,150.0,0,1,0
484,3,63.0,0,0,9.5875,2,0,4,4,-1,0,9.5875,189.0,1,0,1
485,1,25.0,1,0,91.0792,0,1,5,3,2,-1,45.5396,25.0,0,1,1
486,3,17.36087378640777,3,1,25.4667,2,4,2,2,-1,0,5.0933399999999995,52.08262135922331,1,0,0
487,1,35.0,1,0,90.0,2,1,4,4,3,-1,45.0,35.0,1,0,1
488,1,58.0,0,0,29.7,0,0,5,3,2,-1,29.7,58.0,0,1,0
489,3,30.0,0,0,8.05,2,0,5,3,-1,0,8.05,90.0,0,1,0
490,3,9.0,1,1,15.9,2,2,1,1,-1,0,5.3,27.0,1,1,1
491,3,28.318910256410255,1,0,19.9667,2,1,5,3,-1,0,9.98335,84.95673076923077,0,1,0
492,3,21.0,0,0,7.25,2,0,5,3,-1,0,7.25,63.0,0,1,0
493,1,55.0,0,0,30.5,2,0,5,3,3,1,30.5,55.0,0,1,0
494,1,71.0,0,0,49.5042,0,0,5,3,-1,0,49.5042,71.0,0,1,0
495,3,21.0,0,0,8.05,2,0,5,3,-1,0,8.05,63.0,0,1,0
496,3,28.318910256410255,0,0,14.4583,0,0,5,3,-1,0,14.4583,84.95673076923077,0,1,0
497,1,54.0,1,0,78.2667,0,1,2,2,4,1,39.13335,54.0,1,0,1
498,3,28.318910256410255,0,0,15.1,2,0,5,3,-1,0,15.1,84.95673076923077,0,1,0
499,1,25.0,1,2,151.55,2,3,4,4,3,1,37.8875,25.0,1,0,0
500,3,24.0,0,0,7.7958,2,0,5,3,-1,0,7.7958,72.0,0,1,0
501,3,17.0,0,0,8.6625,2,0,5,3,-1,0,8.6625,51.0,0,1,0
502,3,21.0,0,0,7.75,1,0,2,2,-1,0,7.75,63.0,1,0,0
503,3,17.36087378640777,0,0,7.6292,1,0,2,2,-1,0,7.6292,52.08262135922331,1,0,0
504,3,37.0,0,0,9.5875,2,0,2,2,-1,0,9.5875,111.0,1,0,0
505,1,16.0,0,0,86.5,2,0,2,2,2,-1,86.5,16.0,1,0,1
506,1,18.0,1,0,108.9,0,1,5,3,3,-1,54.45,18.0,0,1,0
507,2,33.0,0,2,26.0,2,2,4,4,-1,0,8.666666666666666,66.0,1,0,1
508,1,42.1013986013986,0,0,26.55,2,0,5,3,-1,0,26.55,42.1013986013986,0,1,1
509,3,28.0,0,0,22.525,2,0,5,3,-1,0,22.525,84.0,0,1,0
510,3,26.0,0,0,56.4958,2,0,5,3,-1,0,56.4958,78.0,0,1,1
511,3,29.0,0,0,7.75,1,0,5,3,-1,0,7.75,87.0,0,1,1
512,3,28.318910256410255,0,0,8.05,2,0,5,3,-1,0,8.05,84.95673076923077,0,1,0
513,1,36.0,0,0,26.2875,2,0,5,3,5,-1,26.2875,36.0,0,1,1
514,1,54.0,1,0,59.4,0,1,4,4,-1,0,29.7,54.0,1,0,1
515,3,24.0,0,0,7.4958,2,0,5,3,-1,0,7.4958,72.0,0,1,0
516,1,47.0,0,0,34.0208,2,0,5,3,4,1,34.0208,47.0,0,1,0
517,2,34.0,0,0,10.5,2,0,4,4,6,-1,10.5,68.0,1,0,1
518,3,28.318910256410255,0,0,24.15,1,0,5,3,-1,0,24.15,84.95673076923077,0,1,0
519,2,36.0,1,0,26.0,2,1,4,4,-1,0,13.0,72.0,1,0,1
520,3,32.0,0,0,7.8958,2,0,5,3,-1,0,7.8958,96.0,0,1,0
521,1,30.0,0,0,93.5,2,0,2,2,2,-1,93.5,30.0,1,0,1
522,3,22.0,0,0,7.8958,2,0,5,3,-1,0,7.8958,66.0,0,1,0
523,3,28.318910256410255,0,0,7.225,0,0,5,3,-1,0,7.225,84.95673076923077,0,1,0
524,1,44.0,0,1,57.9792,0,1,4,4,2,1,28.9896,44.0,1,0,1
525,3,28.318910256410255,0,0,7.2292,0,0,5,3,-1,0,7.2292,84.95673076923077,0,1,0
526,3,40.5,0,0,7.75,1,0,5,3,-1,0,7.75,121.5,0,1,0
527,2,50.0,0,0,10.5,2,0,2,2,-1,0,10.5,100.0,1,0,1
528,1,42.1013986013986,0,0,221.7792,2,0,5,3,3,-1,221.7792,42.1013986013986,0,1,0
529,3,39.0,0,0,7.925,2,0,5,3,-1,0,7.925,117.0,0,1,0
530,2,23.0,2,1,11.5,2,3,5,3,-1,0,2.875,46.0,0,1,0
531,2,2.0,1,1,26.0,2,2,2,2,-1,0,8.666666666666666,4.0,1,0,1
532,3,28.318910256410255,0,0,7.2292,0,0,5,3,-1,0,7.2292,84.95673076923077,0,1,0
533,3,17.0,1,1,7.2292,0,2,5,3,-1,0,2.409733333333333,51.0,0,1,0
534,3,32.326530612244895,0,2,22.3583,0,2,4,4,-1,0,7.452766666666666,96.97959183673468,1,0,1
535,3,30.0,0,0,8.6625,2,0,2,2,-1,0,8.6625,90.0,1,0,0
536,2,7.0,0,2,26.25,2,2,2,2,-1,0,8.75,14.0,1,0,1
537,1,45.0,0,0,26.55,2,0,6,3,2,1,26.55,45.0,0,1,0
538,1,30.0,0,0,106.425,0,0,2,2,-1,0,106.425,30.0,1,0,1
539,3,28.318910256410255,0,0,14.5,2,0,5,3,-1,0,14.5,84.95673076923077,0,1,0
540,1,22.0,0,2,49.5,0,2,2,2,2,-1,16.5,22.0,1,0,1
541,1,36.0,0,2,71.0,2,2,2,2,2,1,23.666666666666668,36.0,1,0,1
542,3,9.0,4,2,31.275,2,6,2,2,-1,0,4.4678571428571425,27.0,1,0,0
543,3,11.0,4,2,31.275,2,6,2,2,-1,0,4.4678571428571425,33.0,1,0,0
544,2,32.0,1,0,26.0,2,1,5,3,-1,0,13.0,64.0,0,1,1
545,1,50.0,1,0,106.425,0,1,5,3,3,1,53.2125,50.0,0,1,0
546,1,64.0,0,0,26.0,2,0,5,3,-1,0,26.0,64.0,0,1,0
547,2,19.0,1,0,26.0,2,1,4,4,-1,0,13.0,38.0,1,0,1
548,2,32.83793103448276,0,0,13.8625,0,0,5,3,-1,0,13.8625,65.67586206896551,0,1,1
549,3,33.0,1,1,20.525,2,2,5,3,-1,0,6.841666666666666,99.0,0,1,0
550,2,8.0,1,1,36.75,2,2,1,1,-1,0,12.25,16.0,1,1,1
551,1,17.0,0,2,110.8833,0,2,5,3,3,1,36.9611,17.0,0,1,1
552,2,27.0,0,0,26.0,2,0,5,3,-1,0,26.0,54.0,0,1,0
553,3,28.318910256410255,0,0,7.8292,1,0,5,3,-1,0,7.8292,84.95673076923077,0,1,0
554,3,22.0,0,0,7.225,0,0,5,3,-1,0,7.225,66.0,0,1,1
555,3,22.0,0,0,7.775,2,0,2,2,-1,0,7.775,66.0,1,0,1
556,1,62.0,0,0,26.55,2,0,5,3,-1,0,26.55,62.0,0,1,0
557,1,48.0,1,0,39.6,0,1,4,4,1,1,19.8,48.0,1,0,1
558,1,42.1013986013986,0,0,227.525,0,0,5,3,-1,0,227.525,42.1013986013986,0,1,0
559,1,39.0,1,1,79.65,2,2,4,4,5,-1,26.55,39.0,1,0,1
560,3,36.0,1,0,17.4,2,1,4,4,-1,0,8.7,108.0,1,0,1
561,3,28.318910256410255,0,0,7.75,1,0,5,3,-1,0,7.75,84.95673076923077,0,1,0
562,3,40.0,0,0,7.8958,2,0,5,3,-1,0,7.8958,120.0,0,1,0
563,2,28.0,0,0,13.5,2,0,5,3,-1,0,13.5,56.0,0,1,0
564,3,28.318910256410255,0,0,8.05,2,0,5,3,-1,0,8.05,84.95673076923077,0,1,0
565,3,17.36087378640777,0,0,8.05,2,0,2,2,-1,0,8.05,52.08262135922331,1,0,0
566,3,24.0,2,0,24.15,2,2,5,3,-1,0,8.049999999999999,72.0,0,1,0
567,3,19.0,0,0,7.8958,2,0,5,3,-1,0,7.8958,57.0,0,1,0
568,3,29.0,0,4,21.075,2,4,4,4,-1,0,4.215,87.0,1,0,0
569,3,28.318910256410255,0,0,7.2292,0,0,5,3,-1,0,7.2292,84.95673076923077,0,1,0
570,3,32.0,0,0,7.8542,2,0,5,3,-1,0,7.8542,96.0,0,1,1
571,2,62.0,0,0,10.5,2,0,5,3,-1,0,10.5,124.0,0,1,1
572,1,53.0,2,0,51.4792,2,2,4,4,3,-1,17.15973333333333,53.0,1,0,1
573,1,36.0,0,0,26.3875,2,0,5,3,5,-1,26.3875,36.0,0,1,1
574,3,17.36087378640777,0,0,7.75,1,0,2,2,-1,0,7.75,52.08262135922331,1,0,1
575,3,16.0,0,0,8.05,2,0,5,3,-1,0,8.05,48.0,0,1,0
576,3,19.0,0,0,14.5,2,0,5,3,-1,0,14.5,57.0,0,1,0
577,2,34.0,0,0,13.0,2,0,2,2,-1,0,13.0,68.0,1,0,1
578,1,39.0,1,0,55.9,2,1,4,4,5,1,27.95,39.0,1,0,1
579,3,32.326530612244895,1,0,14.4583,0,1,4,4,-1,0,7.22915,96.97959183673468,1,0,0
580,3,32.0,0,0,7.925,2,0,5,3,-1,0,7.925,96.0,0,1,1
581,2,25.0,1,1,30.0,2,2,2,2,-1,0,10.0,50.0,1,0,1
582,1,39.0,1,1,110.8833,0,2,4,4,3,1,36.9611,39.0,1,0,1
583,2,54.0,0,0,26.0,2,0,5,3,-1,0,26.0,108.0,0,1,0
584,1,36.0,0,0,40.125,0,0,5,3,1,1,40.125,36.0,0,1,0
585,3,28.318910256410255,0,0,8.7125,0,0,5,3,-1,0,8.7125,84.95673076923077,0,1,0
586,1,18.0,0,2,79.65,2,2,2,2,5,1,26.55,18.0,1,0,1
587,2,47.0,0,0,15.0,2,0,5,3,-1,0,15.0,94.0,0,1,0
588,1,60.0,1,1,79.2,0,2,5,3,2,-1,26.400000000000002,60.0,0,1,1
589,3,22.0,0,0,8.05,2,0,5,3,-1,0,8.05,66.0,0,1,0
590,3,28.318910256410255,0,0,8.05,2,0,5,3,-1,0,8.05,84.95673076923077,0,1,0
591,3,35.0,0,0,7.125,2,0,5,3,-1,0,7.125,105.0,0,1,0
592,1,52.0,1,0,78.2667,0,1,4,4,4,1,39.13335,52.0,1,0,1
593,3,47.0,0,0,7.25,2,0,5,3,-1,0,7.25,141.0,0,1,0
594,3,17.36087378640777,0,2,7.75,1,2,2,2,-1,0,2.5833333333333335,52.08262135922331,1,0,0
595,2,37.0,1,0,26.0,2,1,5,3,-1,0,13.0,74.0,0,1,0
596,3,36.0,1,1,24.15,2,2,5,3,-1,0,8.049999999999999,108.0,0,1,0
597,2,20.83872340425532,0,0,33.0,2,0,2,2,-1,0,33.0,41.67744680851064,1,0,1
598,3,49.0,0,0,13.378473295454542,2,0,5,3,-1,0,13.378473295454542,147.0,0,1,0
599,3,28.318910256410255,0,0,7.225,0,0,5,3,-1,0,7.225,84.95673076923077,0,1,0
600,1,49.0,1,0,56.9292,0,1,5,3,1,1,28.4646,49.0,0,1,1
601,2,24.0,2,1,27.0,2,3,4,4,-1,0,6.75,48.0,1,0,1
602,3,28.318910256410255,0,0,7.8958,2,0,5,3,-1,0,7.8958,84.95673076923077,0,1,0
603,1,42.1013986013986,0,0,42.4,2,0,5,3,-1,0,42.4,42.1013986013986,0,1,0
604,3,44.0,0,0,8.05,2,0,5,3,-1,0,8.05,132.0,0,1,0
605,1,35.0,0,0,26.55,0,0,5,3,-1,0,26.55,35.0,0,1,1
606,3,36.0,1,0,15.55,2,1,5,3,-1,0,7.775,108.0,0,1,0
607,3,30.0,0,0,7.8958,2,0,5,3,-1,0,7.8958,90.0,0,1,0
608,1,27.0,0,0,30.5,2,0,5,3,-1,0,30.5,27.0,0,1,1
609,2,22.0,1,2,41.5792,0,3,4,4,-1,0,10.3948,44.0,1,0,1
610,1,40.0,0,0,153.4625,2,0,2,2,3,-1,153.4625,40.0,1,0,1
611,3,39.0,1,5,31.275,2,6,4,4,-1,0,4.4678571428571425,117.0,1,0,0
612,3,28.318910256410255,0,0,7.05,2,0,5,3,-1,0,7.05,84.95673076923077,0,1,0
613,3,17.36087378640777,1,0,15.5,1,1,2,2,-1,0,7.75,52.08262135922331,1,0,1
614,3,28.318910256410255,0,0,7.75,1,0,5,3,-1,0,7.75,84.95673076923077,0,1,0
615,3,35.0,0,0,8.05,2,0,5,3,-1,0,8.05,105.0,0,1,0
616,2,24.0,1,2,65.0,2,3,2,2,-1,0,16.25,48.0,1,0,1
617,3,34.0,1,1,14.4,2,2,5,3,-1,0,4.8,102.0,0,1,0
618,3,26.0,1,0,16.1,2,1,4,4,-1,0,8.05,78.0,1,0,0
619,2,4.0,2,1,39.0,2,3,2,2,6,1,9.75,8.0,1,0,1
620,2,26.0,0,0,10.5,2,0,5,3,-1,0,10.5,52.0,0,1,0
621,3,27.0,1,0,14.4542,0,1,5,3,-1,0,7.2271,81.0,0,1,0
622,1,42.0,1,0,52.5542,2,1,5,3,4,-1,26.2771,42.0,0,1,1
623,3,20.0,1,1,15.7417,0,2,5,3,-1,0,5.247233333333333,60.0,0,1,1
624,3,21.0,0,0,7.8542,2,0,5,3,-1,0,7.8542,63.0,0,1,0
625,3,21.0,0,0,16.1,2,0,5,3,-1,0,16.1,63.0,0,1,0
626,1,61.0,0,0,32.3208,2,0,5,3,4,1,32.3208,61.0,0,1,0
627,2,57.0,0,0,12.35,1,0,7,3,-1,0,12.35,114.0,0,1,0
628,1,21.0,0,0,77.9583,2,0,2,2,4,-1,77.9583,21.0,1,0,1
629,3,26.0,0,0,7.8958,2,0,5,3,-1,0,7.8958,78.0,0,1,0
630,3,28.318910256410255,0,0,7.7333,1,0,5,3,-1,0,7.7333,84.95673076923077,0,1,0
631,1,80.0,0,0,30.0,2,0,5,3,1,-1,30.0,80.0,0,1,1
632,3,51.0,0,0,7.0542,2,0,5,3,-1,0,7.0542,153.0,0,1,0
633,1,32.0,0,0,30.5,0,0,8,4,2,1,30.5,32.0,0,1,1
634,1,42.1013986013986,0,0,89.44748196202534,2,0,5,3,-1,0,89.44748196202534,42.1013986013986,0,1,0
635,3,9.0,3,2,27.9,2,5,2,2,-1,0,4.6499999999999995,27.0,1,0,0
636,2,28.0,0,0,13.0,2,0,2,2,-1,0,13.0,56.0,1,0,1
637,3,32.0,0,0,7.925,2,0,5,3,-1,0,7.925,96.0,0,1,0
638,2,31.0,1,1,26.25,2,2,5,3,-1,0,8.75,62.0,0,1,0
639,3,41.0,0,5,39.6875,2,5,4,4,-1,0,6.614583333333333,123.0,1,0,0
640,3,28.318910256410255,1,0,16.1,2,1,5,3,-1,0,8.05,84.95673076923077,0,1,0
641,3,20.0,0,0,7.8542,2,0,5,3,-1,0,7.8542,60.0,0,1,0
642,1,24.0,0,0,69.3,0,0,3,2,2,-1,69.3,24.0,1,0,1
643,3,2.0,3,2,27.9,2,5,2,2,-1,0,4.6499999999999995,6.0,1,0,0
644,3,28.318910256410255,0,0,56.4958,2,0,5,3,-1,0,56.4958,84.95673076923077,0,1,1
645,3,0.75,2,1,19.2583,0,3,2,2,-1,0,4.814575,2.25,1,0,1
646,1,48.0,1,0,76.7292,0,1,5,3,4,-1,38.3646,48.0,0,1,1
647,3,19.0,0,0,7.8958,2,0,5,3,-1,0,7.8958,57.0,0,1,0
648,1,56.0,0,0,35.5,0,0,10,3,1,1,35.5,56.0,0,1,1
649,3,28.318910256410255,0,0,7.55,2,0,5,3,-1,0,7.55,84.95673076923077,0,1,0
650,3,23.0,0,0,7.55,2,0,2,2,-1,0,7.55,69.0,1,0,1
651,3,28.318910256410255,0,0,7.8958,2,0,5,3,-1,0,7.8958,84.95673076923077,0,1,0
652,2,18.0,0,1,23.0,2,1,2,2,-1,0,11.5,36.0,1,0,1
653,3,21.0,0,0,8.4333,2,0,5,3,-1,0,8.4333,63.0,0,1,0
654,3,17.36087378640777,0,0,7.8292,1,0,2,2,-1,0,7.8292,52.08262135922331,1,0,1
655,3,18.0,0,0,6.75,1,0,2,2,-1,0,6.75,54.0,1,0,0
656,2,24.0,2,0,73.5,2,2,5,3,-1,0,24.5,48.0,0,1,0
657,3,28.318910256410255,0,0,7.8958,2,0,5,3,-1,0,7.8958,84.95673076923077,0,1,0
658,3,32.0,1,1,15.5,1,2,4,4,-1,0,5.166666666666667,96.0,1,0,0
659,2,23.0,0,0,13.0,2,0,5,3,-1,0,13.0,46.0,0,1,0
660,1,58.0,0,2,113.275,0,2,5,3,4,1,37.75833333333333,58.0,0,1,0
661,1,50.0,2,0,133.65,2,2,8,4,-1,0,44.550000000000004,50.0,0,1,1
662,3,40.0,0,0,7.225,0,0,5,3,-1,0,7.225,120.0,0,1,0
663,1,47.0,0,0,25.5875,2,0,5,3,5,1,25.5875,47.0,0,1,0
664,3,36.0,0,0,7.4958,2,0,5,3,-1,0,7.4958,108.0,0,1,0
665,3,20.0,1,0,7.925,2,1,5,3,-1,0,3.9625,60.0,0,1,1
666,2,32.0,2,0,73.5,2,2,5,3,-1,0,24.5,64.0,0,1,0
667,2,25.0,0,0,13.0,2,0,5,3,-1,0,13.0,50.0,0,1,0
668,3,28.318910256410255,0,0,7.775,2,0,5,3,-1,0,7.775,84.95673076923077,0,1,0
669,3,43.0,0,0,8.05,2,0,5,3,-1,0,8.05,129.0,0,1,0
670,1,42.78947368421053,1,0,52.0,2,1,4,4,3,1,26.0,42.78947368421053,1,0,1
671,2,40.0,1,1,39.0,2,2,4,4,-1,0,13.0,80.0,1,0,1
672,1,31.0,1,0,52.0,2,1,5,3,2,-1,26.0,31.0,0,1,0
673,2,70.0,0,0,10.5,2,0,5,3,-1,0,10.5,140.0,0,1,0
674,2,31.0,0,0,13.0,2,0,5,3,-1,0,13.0,62.0,0,1,1
675,2,32.83793103448276,0,0,21.64810848708488,2,0,5,3,-1,0,21.64810848708488,65.67586206896551,0,1,0
676,3,18.0,0,0,7.775,2,0,5,3,-1,0,7.775,54.0,0,1,0
677,3,24.5,0,0,8.05,2,0,5,3,-1,0,8.05,73.5,0,1,0
678,3,18.0,0,0,9.8417,2,0,2,2,-1,0,9.8417,54.0,1,0,1
679,3,43.0,1,6,46.9,2,7,4,4,-1,0,5.8625,129.0,1,0,0
680,1,36.0,0,1,512.3292,0,1,5,3,2,-1,256.1646,36.0,0,1,1
681,3,17.36087378640777,0,0,8.1375,1,0,2,2,-1,0,8.1375,52.08262135922331,1,0,0
682,1,27.0,0,0,76.7292,0,0,5,3,4,-1,76.7292,27.0,0,1,1
683,3,20.0,0,0,9.225,2,0,5,3,-1,0,9.225,60.0,0,1,0
684,3,14.0,5,2,46.9,2,7,5,3,-1,0,5.8625,42.0,1,1,0
685,2,60.0,1,1,39.0,2,2,5,3,-1,0,13.0,120.0,0,1,0
686,2,25.0,1,2,41.5792,0,3,5,3,-1,0,10.3948,50.0,0,1,0
687,3,14.0,4,1,39.6875,2,5,5,3,-1,0,6.614583333333333,42.0,1,1,0
688,3,19.0,0,0,10.1708,2,0,5,3,-1,0,10.1708,57.0,0,1,0
689,3,18.0,0,0,7.7958,2,0,5,3,-1,0,7.7958,54.0,0,1,0
690,1,15.0,0,1,211.3375,2,1,2,2,2,-1,105.66875,15.0,1,0,1
691,1,31.0,1,0,57.0,2,1,5,3,2,1,28.5,31.0,0,1,1
692,3,4.0,0,1,13.4167,0,1,2,2,-1,0,6.70835,12.0,1,0,1
693,3,28.318910256410255,0,0,56.4958,2,0,5,3,-1,0,56.4958,84.95673076923077,0,1,1
694,3,25.0,0,0,7.225,0,0,5,3,-1,0,7.225,75.0,0,1,0
695,1,60.0,0,0,26.55,2,0,10,3,-1,0,26.55,60.0,0,1,0
696,2,52.0,0,0,13.5,2,0,5,3,-1,0,13.5,104.0,0,1,0
697,3,44.0,0,0,8.05,2,0,5,3,-1,0,8.05,132.0,0,1,0
698,3,17.36087378640777,0,0,7.7333,1,0,2,2,-1,0,7.7333,52.08262135922331,1,0,1
699,1,49.0,1,1,110.8833,0,2,5,3,3,1,36.9611,49.0,0,1,0
700,3,42.0,0,0,7.65,2,0,5,3,6,-1,7.65,126.0,0,1,0
701,1,18.0,1,0,227.525,0,1,4,4,3,1,113.7625,18.0,1,0,1
702,1,35.0,0,0,26.2875,2,0,5,3,5,1,26.2875,35.0,0,1,1
703,3,18.0,0,1,14.4542,0,1,2,2,-1,0,7.2271,54.0,1,0,0
704,3,25.0,0,0,7.7417,1,0,5,3,-1,0,7.7417,75.0,0,1,0
705,3,26.0,1,0,7.8542,2,1,5,3,-1,0,3.9271,78.0,0,1,0
706,2,39.0,0,0,26.0,2,0,5,3,-1,0,26.0,78.0,0,1,0
707,2,45.0,0,0,13.5,2,0,4,4,-1,0,13.5,90.0,1,0,1
708,1,42.0,0,0,26.2875,2,0,5,3,5,1,26.2875,42.0,0,1,1
709,1,22.0,0,0,151.55,2,0,2,2,-1,0,151.55,22.0,1,0,1
710,3,6.09,1,1,15.2458,0,2,1,1,-1,0,5.081933333333333,18.27,1,1,1
711,1,24.0,0,0,49.5042,0,0,4,4,3,1,49.5042,24.0,1,0,1
712,1,42.1013986013986,0,0,26.55,2,0,5,3,3,1,26.55,42.1013986013986,0,1,0
713,1,48.0,1,0,52.0,2,1,5,3,3,1,26.0,48.0,0,1,1
714,3,29.0,0,0,9.4833,2,0,5,3,-1,0,9.4833,87.0,0,1,0
715,2,52.0,0,0,13.0,2,0,5,3,-1,0,13.0,104.0,0,1,0
716,3,19.0,0,0,7.65,2,0,5,3,6,-1,7.65,57.0,0,1,0
717,1,38.0,0,0,227.525,0,0,2,2,3,-1,227.525,38.0,1,0,1
718,2,27.0,0,0,10.5,2,0,2,2,5,-1,10.5,54.0,1,0,1
719,3,28.318910256410255,0,0,15.5,1,0,5,3,-1,0,15.5,84.95673076923077,0,1,0
720,3,33.0,0,0,7.775,2,0,5,3,-1,0,7.775,99.0,0,1,0
721,2,6.0,0,1,33.0,2,1,2,2,-1,0,16.5,12.0,1,0,1
722,3,17.0,1,0,7.0542,2,1,5,3,-1,0,3.5271,51.0,0,1,0
723,2,34.0,0,0,13.0,2,0,5,3,-1,0,13.0,68.0,0,1,0
724,2,50.0,0,0,13.0,2,0,5,3,-1,0,13.0,100.0,0,1,0
725,1,27.0,1,0,53.1,2,1,5,3,5,1,26.55,27.0,0,1,1
726,3,20.0,0,0,8.6625,2,0,5,3,-1,0,8.6625,60.0,0,1,0
727,2,30.0,3,0,21.0,2,3,4,4,-1,0,5.25,60.0,1,0,1
728,3,17.36087378640777,0,0,7.7375,1,0,2,2,-1,0,7.7375,52.08262135922331,1,0,1
729,2,25.0,1,0,26.0,2,1,5,3,-1,0,13.0,50.0,0,1,0
730,3,25.0,1,0,7.925,2,1,2,2,-1,0,3.9625,75.0,1,0,0
731,1,29.0,0,0,211.3375,2,0,2,2,2,-1,211.3375,29.0,1,0,1
732,3,11.0,0,0,18.7875,0,0,5,3,-1,0,18.7875,33.0,1,1,0
733,2,32.83793103448276,0,0,21.64810848708488,2,0,5,3,-1,0,21.64810848708488,65.67586206896551,0,1,0
734,2,23.0,0,0,13.0,2,0,5,3,-1,0,13.0,46.0,0,1,0
735,2,23.0,0,0,13.0,2,0,5,3,-1,0,13.0,46.0,0,1,0
736,3,28.5,0,0,16.1,2,0,5,3,-1,0,16.1,85.5,0,1,0
737,3,48.0,1,3,34.375,2,4,4,4,-1,0,6.875,144.0,1,0,0
738,1,35.0,0,0,512.3292,0,0,5,3,2,-1,512.3292,35.0,0,1,1
739,3,28.318910256410255,0,0,7.8958,2,0,5,3,-1,0,7.8958,84.95673076923077,0,1,0
740,3,28.318910256410255,0,0,7.8958,2,0,5,3,-1,0,7.8958,84.95673076923077,0,1,0
741,1,42.1013986013986,0,0,30.0,2,0,5,3,4,-1,30.0,42.1013986013986,0,1,1
742,1,36.0,1,0,78.85,2,1,5,3,3,1,39.425,36.0,0,1,0
743,1,21.0,2,2,262.375,0,4,2,2,2,1,52.475,21.0,1,0,1
744,3,24.0,1,0,16.1,2,1,5,3,-1,0,8.05,72.0,0,1,0
745,3,31.0,0,0,7.925,2,0,5,3,-1,0,7.925,93.0,0,1,1
746,1,70.0,1,1,71.0,2,2,11,3,2,1,23.666666666666668,70.0,0,1,0
747,3,16.0,1,1,20.25,2,2,5,3,-1,0,6.75,48.0,0,1,0
748,2,30.0,0,0,13.0,2,0,2,2,-1,0,13.0,60.0,1,0,1
749,1,19.0,1,0,53.1,2,1,5,3,4,1,26.55,19.0,0,1,0
750,3,31.0,0,0,7.75,1,0,5,3,-1,0,7.75,93.0,0,1,0
751,2,4.0,1,1,23.0,2,2,2,2,-1,0,7.666666666666667,8.0,1,0,1
752,3,6.0,0,1,12.475,2,1,1,1,5,-1,6.2375,18.0,1,1,1
753,3,33.0,0,0,9.5,2,0,5,3,-1,0,9.5,99.0,0,1,0
754,3,23.0,0,0,7.8958,2,0,5,3,-1,0,7.8958,69.0,0,1,0
755,2,48.0,1,2,65.0,2,3,4,4,-1,0,16.25,96.0,1,0,1
756,2,0.67,1,1,14.5,2,2,1,1,-1,0,4.833333333333333,1.34,1,1,1
757,3,28.0,0,0,7.7958,2,0,5,3,-1,0,7.7958,84.0,0,1,0
758,2,18.0,0,0,11.5,2,0,5,3,-1,0,11.5,36.0,0,1,0
759,3,34.0,0,0,8.05,2,0,5,3,-1,0,8.05,102.0,0,1,0
760,1,33.0,0,0,86.5,2,0,13,4,2,-1,86.5,33.0,1,0,1
761,3,28.318910256410255,0,0,14.5,2,0,5,3,-1,0,14.5,84.95673076923077,0,1,0
762,3,41.0,0,0,7.125,2,0,5,3,-1,0,7.125,123.0,0,1,0
763,3,20.0,0,0,7.2292,0,0,5,3,-1,0,7.2292,60.0,0,1,1
764,1,36.0,1,2,120.0,2,3,4,4,2,1,30.0,36.0,1,0,1
765,3,16.0,0,0,7.775,2,0,5,3,-1,0,7.775,48.0,0,1,0
766,1,51.0,1,0,77.9583,2,1,4,4,4,-1,38.97915,51.0,1,0,1
767,1,42.78947368421053,0,0,39.6,0,0,8,4,-1,0,39.6,42.78947368421053,0,1,0
768,3,30.5,0,0,7.75,1,0,2,2,-1,0,7.75,91.5,1,0,0
769,3,28.318910256410255,1,0,24.15,1,1,5,3,-1,0,12.075,84.95673076923077,0,1,0
770,3,32.0,0,0,8.3625,2,0,5,3,-1,0,8.3625,96.0,0,1,0
771,3,24.0,0,0,9.5,2,0,5,3,-1,0,9.5,72.0,0,1,0
772,3,48.0,0,0,7.8542,2,0,5,3,-1,0,7.8542,144.0,0,1,0
773,2,57.0,0,0,10.5,2,0,4,4,5,-1,10.5,114.0,1,0,0
774,3,28.318910256410255,0,0,7.225,0,0,5,3,-1,0,7.225,84.95673076923077,0,1,0
775,2,54.0,1,3,23.0,2,4,4,4,-1,0,4.6,108.0,1,0,1
776,3,18.0,0,0,7.75,2,0,5,3,-1,0,7.75,54.0,0,1,0
777,3,28.318910256410255,0,0,7.75,1,0,5,3,6,1,7.75,84.95673076923077,0,1,0
778,3,5.0,0,0,12.475,2,0,2,2,-1,0,12.475,15.0,1,0,1
779,3,28.318910256410255,0,0,7.7375,1,0,5,3,-1,0,7.7375,84.95673076923077,0,1,0
780,1,43.0,0,1,211.3375,2,1,4,4,2,-1,105.66875,43.0,1,0,1
781,3,13.0,0,0,7.2292,0,0,2,2,-1,0,7.2292,39.0,1,0,1
782,1,17.0,1,0,57.0,2,1,4,4,2,1,28.5,17.0,1,0,1
783,1,29.0,0,0,30.0,2,0,5,3,4,1,30.0,29.0,0,1,0
784,3,28.318910256410255,1,2,23.45,2,3,5,3,-1,0,5.8625,84.95673076923077,0,1,0
785,3,25.0,0,0,7.05,2,0,5,3,-1,0,7.05,75.0,0,1,0
786,3,25.0,0,0,7.25,2,0,5,3,-1,0,7.25,75.0,0,1,0
787,3,18.0,0,0,7.4958,2,0,2,2,-1,0,7.4958,54.0,1,0,1
788,3,8.0,4,1,29.125,1,5,1,1,-1,0,4.854166666666667,24.0,1,1,0
789,3,1.0,1,2,20.575,2,3,1,1,-1,0,5.14375,3.0,1,1,1
790,1,46.0,0,0,79.2,0,0,5,3,2,1,79.2,46.0,0,1,0
791,3,28.318910256410255,0,0,7.75,1,0,5,3,-1,0,7.75,84.95673076923077,0,1,0
792,2,16.0,0,0,26.0,2,0,5,3,-1,0,26.0,32.0,0,1,0
793,3,14.5,8,2,69.55,2,10,2,2,-1,0,6.322727272727272,43.5,1,0,0
794,1,42.1013986013986,0,0,30.6958,0,0,5,3,-1,0,30.6958,42.1013986013986,0,1,0
795,3,25.0,0,0,7.8958,2,0,5,3,-1,0,7.8958,75.0,0,1,0
796,2,39.0,0,0,13.0,2,0,5,3,-1,0,13.0,78.0,0,1,0
797,1,49.0,0,0,25.9292,2,0,8,4,4,-1,25.9292,49.0,1,0,1
798,3,31.0,0,0,8.6833,2,0,4,4,-1,0,8.6833,93.0,1,0,1
799,3,30.0,0,0,7.2292,0,0,5,3,-1,0,7.2292,90.0,0,1,0
800,3,30.0,1,1,24.15,2,2,4,4,-1,0,8.049999999999999,90.0,1,0,0
801,2,34.0,0,0,13.0,2,0,5,3,-1,0,13.0,68.0,0,1,0
802,2,31.0,1,1,26.25,2,2,4,4,-1,0,8.75,62.0,1,0,1
803,1,11.0,1,2,120.0,2,3,1,1,2,1,30.0,11.0,1,1,1
804,3,0.42,0,1,8.5167,0,1,1,1,-1,0,4.25835,1.26,1,1,1
805,3,27.0,0,0,6.975,2,0,5,3,-1,0,6.975,81.0,0,1,1
806,3,31.0,0,0,7.775,2,0,5,3,-1,0,7.775,93.0,0,1,0
807,1,39.0,0,0,89.44748196202534,2,0,5,3,1,1,89.44748196202534,39.0,0,1,0
808,3,18.0,0,0,7.775,2,0,2,2,-1,0,7.775,54.0,1,0,0
809,2,39.0,0,0,13.0,2,0,5,3,-1,0,13.0,78.0,0,1,0
810,1,33.0,1,0,53.1,2,1,4,4,5,1,26.55,33.0,1,0,1
811,3,26.0,0,0,7.8875,2,0,5,3,-1,0,7.8875,78.0,0,1,0
812,3,39.0,0,0,24.15,2,0,5,3,-1,0,24.15,117.0,0,1,0
813,2,35.0,0,0,10.5,2,0,5,3,-1,0,10.5,70.0,0,1,0
814,3,6.0,4,2,31.275,2,6,2,2,-1,0,4.4678571428571425,18.0,1,0,0
815,3,30.5,0,0,8.05,2,0,5,3,-1,0,8.05,91.5,0,1,0
816,1,42.1013986013986,0,0,89.44748196202534,2,0,5,3,2,1,89.44748196202534,42.1013986013986,0,1,0
817,3,23.0,0,0,7.925,2,0,2,2,-1,0,7.925,69.0,1,0,0
818,2,31.0,1,1,37.0042,0,2,5,3,-1,0,12.334733333333332,62.0,0,1,0
819,3,43.0,0,0,6.45,2,0,5,3,-1,0,6.45,129.0,0,1,0
820,3,10.0,3,2,27.9,2,5,1,1,-1,0,4.6499999999999995,30.0,1,1,0
821,1,52.0,1,1,93.5,2,2,4,4,2,-1,31.166666666666668,52.0,1,0,1
822,3,27.0,0,0,8.6625,2,0,5,3,-1,0,8.6625,81.0,0,1,1
823,1,38.0,0,0,89.44748196202534,2,0,15,3,-1,0,89.44748196202534,38.0,0,1,0
824,3,27.0,0,1,12.475,2,1,4,4,5,-1,6.2375,81.0,1,0,1
825,3,2.0,4,1,39.6875,2,5,1,1,-1,0,6.614583333333333,6.0,1,1,0
826,3,28.318910256410255,0,0,6.95,1,0,5,3,-1,0,6.95,84.95673076923077,0,1,0
827,3,28.318910256410255,0,0,56.4958,2,0,5,3,-1,0,56.4958,84.95673076923077,0,1,0
828,2,1.0,0,2,37.0042,0,2,1,1,-1,0,12.334733333333332,2.0,1,1,1
829,3,28.318910256410255,0,0,7.75,1,0,5,3,-1,0,7.75,84.95673076923077,0,1,1
830,1,62.0,0,0,80.0,2,0,4,4,2,1,80.0,62.0,1,0,1
831,3,15.0,1,0,14.4542,0,1,4,4,-1,0,7.2271,45.0,1,0,1
832,2,0.83,1,1,18.75,2,2,1,1,-1,0,6.25,1.66,1,1,1
833,3,28.318910256410255,0,0,7.2292,0,0,5,3,-1,0,7.2292,84.95673076923077,0,1,0
834,3,23.0,0,0,7.8542,2,0,5,3,-1,0,7.8542,69.0,0,1,0
835,3,18.0,0,0,8.3,2,0,5,3,-1,0,8.3,54.0,0,1,0
836,1,39.0,1,1,83.1583,0,2,2,2,5,-1,27.71943333333333,39.0,1,0,1
837,3,21.0,0,0,8.6625,2,0,5,3,-1,0,8.6625,63.0,0,1,0
838,3,28.318910256410255,0,0,8.05,2,0,5,3,-1,0,8.05,84.95673076923077,0,1,0
839,3,32.0,0,0,56.4958,2,0,5,3,-1,0,56.4958,96.0,0,1,1
840,1,42.1013986013986,0,0,29.7,0,0,5,3,3,-1,29.7,42.1013986013986,0,1,1
841,3,20.0,0,0,7.925,2,0,5,3,-1,0,7.925,60.0,0,1,0
842,2,16.0,0,0,10.5,2,0,5,3,-1,0,10.5,32.0,0,1,0
843,1,30.0,0,0,31.0,0,0,2,2,-1,0,31.0,30.0,1,0,1
844,3,34.5,0,0,6.4375,0,0,5,3,-1,0,6.4375,103.5,0,1,0
845,3,17.0,0,0,8.6625,2,0,5,3,-1,0,8.6625,51.0,0,1,0
846,3,42.0,0,0,7.55,2,0,5,3,-1,0,7.55,126.0,0,1,0
847,3,14.5,8,2,69.55,2,10,5,3,-1,0,6.322727272727272,43.5,1,1,0
848,3,35.0,0,0,7.8958,0,0,5,3,-1,0,7.8958,105.0,0,1,0
849,2,28.0,0,1,33.0,2,1,7,3,-1,0,16.5,56.0,0,1,0
850,1,42.78947368421053,1,0,89.1042,0,1,4,4,3,1,44.5521,42.78947368421053,1,0,1
851,3,4.0,4,2,31.275,2,6,1,1,-1,0,4.4678571428571425,12.0,1,1,0
852,3,74.0,0,0,7.775,2,0,5,3,-1,0,7.775,222.0,0,1,0
853,3,9.0,1,1,15.2458,0,2,2,2,-1,0,5.081933333333333,27.0,1,0,0
854,1,16.0,0,1,39.4,2,1,2,2,4,1,19.7,16.0,1,0,1
855,2,44.0,1,0,26.0,2,1,4,4,-1,0,13.0,88.0,1,0,0
856,3,18.0,0,1,9.35,2,1,4,4,-1,0,4.675,54.0,1,0,1
857,1,45.0,1,1,164.8667,2,2,4,4,-1,0,54.95556666666667,45.0,1,0,1
858,1,51.0,0,0,26.55,2,0,5,3,5,-1,26.55,51.0,0,1,1
859,3,24.0,0,3,19.2583,0,3,4,4,-1,0,4.814575,72.0,1,0,1
860,3,28.318910256410255,0,0,7.2292,0,0,5,3,-1,0,7.2292,84.95673076923077,0,1,0
861,3,41.0,2,0,14.1083,2,2,5,3,-1,0,4.702766666666666,123.0,0,1,0
862,2,21.0,1,0,11.5,2,1,5,3,-1,0,5.75,42.0,0,1,0
863,1,48.0,0,0,25.9292,2,0,4,4,4,-1,25.9292,48.0,1,0,1
864,3,14.5,8,2,69.55,2,10,2,2,-1,0,6.322727272727272,43.5,1,0,0
865,2,24.0,0,0,13.0,2,0,5,3,-1,0,13.0,48.0,0,1,0
866,2,42.0,0,0,13.0,2,0,4,4,-1,0,13.0,84.0,1,0,1
867,2,27.0,1,0,13.8583,0,1,2,2,-1,0,6.92915,54.0,1,0,1
868,1,31.0,0,0,50.4958,2,0,5,3,1,1,50.4958,31.0,0,1,0
869,3,28.318910256410255,0,0,9.5,2,0,5,3,-1,0,9.5,84.95673076923077,0,1,0
870,3,4.0,1,1,11.1333,2,2,1,1,-1,0,3.7111,12.0,1,1,1
871,3,26.0,0,0,7.8958,2,0,5,3,-1,0,7.8958,78.0,0,1,0
872,1,47.0,1,1,52.5542,2,2,4,4,4,-1,17.518066666666666,47.0,1,0,1
873,1,33.0,0,0,5.0,2,0,5,3,2,-1,5.0,33.0,0,1,0
874,3,47.0,0,0,9.0,2,0,5,3,-1,0,9.0,141.0,0,1,0
875,2,28.0,1,0,24.0,0,1,4,4,-1,0,12.0,56.0,1,0,1
876,3,15.0,0,0,7.225,0,0,2,2,-1,0,7.225,45.0,1,0,1
877,3,20.0,0,0,9.8458,2,0,5,3,-1,0,9.8458,60.0,0,1,0
878,3,19.0,0,0,7.8958,2,0,5,3,-1,0,7.8958,57.0,0,1,0
879,3,28.318910256410255,0,0,7.8958,2,0,5,3,-1,0,7.8958,84.95673076923077,0,1,0
880,1,56.0,0,1,83.1583,0,1,4,4,3,1,41.57915,56.0,1,0,1
881,2,25.0,0,1,26.0,2,1,4,4,-1,0,13.0,50.0,1,0,1
882,3,33.0,0,0,7.8958,2,0,5,3,-1,0,7.8958,99.0,0,1,0
883,3,22.0,0,0,10.5167,2,0,2,2,-1,0,10.5167,66.0,1,0,0
884,2,28.0,0,0,10.5,2,0,5,3,-1,0,10.5,56.0,0,1,0
885,3,25.0,0,0,7.05,2,0,5,3,-1,0,7.05,75.0,0,1,0
886,3,39.0,0,5,29.125,1,5,4,4,-1,0,4.854166666666667,117.0,1,0,0
887,2,27.0,0,0,13.0,2,0,7,3,-1,0,13.0,54.0,0,1,0
888,1,19.0,0,0,30.0,2,0,2,2,2,1,30.0,19.0,1,0,1
889,3,17.36087378640777,1,2,23.45,2,3,2,2,-1,0,5.8625,52.08262135922331,1,0,0
890,1,26.0,0,0,30.0,0,0,5,3,3,1,30.0,26.0,0,1,1
891,3,32.0,0,0,7.75,1,0,5,3,-1,0,7.75,96.0,0,1,0
