PassengerId,Pclass,Age,SibSp,Parch,Ticket,Fare,Embarked,Family_Size,Title,Title_Mr,Deck,Side,Fare_Per_Person,Gender,AgeClass,AgeGenderClass,Protocole
892,3,34.5,0,0,330911,7.8292,1,0,5,3,-1,0,7.8292,2,103.5,207.0,0
893,3,47.0,1,0,363272,7.0,2,2,4,4,-1,0,2.3333333333333335,1,141.0,141.0,0
894,2,62.0,0,0,240276,9.6875,1,0,5,3,-1,0,9.6875,2,124.0,248.0,0
895,3,27.0,0,0,315154,8.6625,2,0,5,3,-1,0,8.6625,2,81.0,162.0,0
896,3,22.0,1,1,3101298,12.2875,2,2,4,4,-1,0,4.095833333333333,1,66.0,66.0,0
897,3,14.0,0,0,7538,9.225,2,0,5,3,-1,0,9.225,2,42.0,84.0,0
898,3,30.0,0,0,330972,7.6292,1,0,2,2,-1,0,7.6292,1,90.0,90.0,0
899,2,26.0,1,1,248738,29.0,2,2,5,3,-1,0,9.666666666666666,2,52.0,104.0,0
900,3,18.0,0,0,2657,7.2292,0,0,4,4,-1,0,7.2292,1,54.0,54.0,0
901,3,21.0,2,0,48871,24.15,2,4,5,3,-1,0,4.83,2,63.0,126.0,0
902,3,28.318910256410255,0,0,349220,7.8958,2,0,5,3,-1,0,7.8958,2,84.95673076923077,169.91346153846155,0
903,1,46.0,0,0,694,26.0,2,0,5,3,-1,0,26.0,2,46.0,92.0,0
904,1,23.0,1,0,21228,82.2667,2,4,4,4,2,-1,16.45334,1,23.0,23.0,1
905,2,63.0,1,0,24065,26.0,2,4,5,3,-1,0,5.2,2,126.0,252.0,0
906,1,47.0,1,0,5734,61.175,2,2,4,4,5,-1,20.391666666666666,1,47.0,47.0,1
907,2,24.0,1,0,2167,27.7208,0,2,4,4,-1,0,9.240266666666667,1,48.0,48.0,1
908,2,35.0,0,0,233734,12.35,1,0,5,3,-1,0,12.35,2,70.0,140.0,0
909,3,21.0,0,0,2692,7.225,0,0,5,3,-1,0,7.225,2,63.0,126.0,0
910,3,27.0,1,0,3101270,7.925,2,2,2,2,-1,0,2.6416666666666666,1,81.0,81.0,0
911,3,45.0,0,0,2696,7.225,0,0,4,4,-1,0,7.225,1,135.0,135.0,0
912,1,55.0,1,0,17603,59.4,0,2,5,3,-1,0,19.8,2,55.0,110.0,0
913,3,9.0,0,1,17368,3.1708,2,2,1,1,-1,0,1.0569333333333333,2,27.0,54.0,0
914,1,42.78947368421053,0,0,17598,31.6833,2,0,4,4,-1,0,31.6833,1,42.78947368421053,42.78947368421053,1
915,1,21.0,0,1,17597,61.3792,0,2,5,3,-1,0,20.459733333333332,2,21.0,42.0,0
916,1,48.0,1,3,17608,262.375,0,6,4,4,2,1,37.482142857142854,1,48.0,48.0,1
917,3,50.0,1,0,3337,14.5,2,2,5,3,-1,0,4.833333333333333,2,150.0,300.0,0
918,1,22.0,0,1,113509,61.9792,0,2,2,2,2,1,20.65973333333333,1,22.0,22.0,1
919,3,22.5,0,0,2698,7.225,0,0,5,3,-1,0,7.225,2,67.5,135.0,0
920,1,41.0,0,0,113054,30.5,2,0,5,3,1,-1,30.5,2,41.0,82.0,0
921,3,28.318910256410255,2,0,2662,21.6792,0,4,5,3,-1,0,4.33584,2,84.95673076923077,169.91346153846155,0
922,2,50.0,1,0,3085,26.0,2,2,5,3,-1,0,8.666666666666666,2,100.0,200.0,0
923,2,24.0,2,0,31029,31.5,2,4,5,3,-1,0,6.3,2,48.0,96.0,0
924,3,33.0,1,2,2315,20.575,2,4,4,4,-1,0,4.115,1,99.0,99.0,0
925,3,32.326530612244895,1,2,6607,23.45,2,4,4,4,-1,0,4.6899999999999995,1,96.97959183673468,96.97959183673468,0
926,1,30.0,1,0,13236,57.75,0,2,5,3,3,1,19.25,2,30.0,60.0,0
927,3,18.5,0,0,2682,7.2292,0,0,5,3,-1,0,7.2292,2,55.5,111.0,0
928,3,17.36087378640777,0,0,342712,8.05,2,0,2,2,-1,0,8.05,1,52.08262135922331,52.08262135922331,0
929,3,21.0,0,0,315087,8.6625,2,0,2,2,-1,0,8.6625,1,63.0,63.0,0
930,3,25.0,0,0,345768,9.5,2,0,5,3,-1,0,9.5,2,75.0,150.0,0
931,3,28.318910256410255,0,0,1601,56.4958,2,0,5,3,-1,0,56.4958,2,84.95673076923077,169.91346153846155,0
932,3,39.0,0,1,349256,13.4167,0,2,5,3,-1,0,4.4722333333333335,2,117.0,234.0,0
933,1,42.1013986013986,0,0,113778,26.55,2,0,5,3,4,1,26.55,2,42.1013986013986,84.2027972027972,0
934,3,41.0,0,0,3101263,7.85,2,0,5,3,-1,0,7.85,2,123.0,246.0,0
935,2,30.0,0,0,237249,13.0,2,0,4,4,-1,0,13.0,1,60.0,60.0,1
936,1,45.0,1,0,11753,52.5542,2,2,4,4,4,-1,17.518066666666666,1,45.0,45.0,1
937,3,25.0,0,0,3101291,7.925,2,0,5,3,-1,0,7.925,2,75.0,150.0,0
938,1,45.0,0,0,17594,29.7,0,0,5,3,1,-1,29.7,2,45.0,90.0,0
939,3,28.318910256410255,0,0,370374,7.75,1,0,5,3,-1,0,7.75,2,84.95673076923077,169.91346153846155,0
940,1,60.0,0,0,11813,76.2917,0,0,4,4,4,-1,76.2917,1,60.0,60.0,1
941,3,36.0,0,2,37671,15.9,2,2,4,4,-1,0,5.3,1,108.0,108.0,0
942,1,24.0,1,0,13695,60.0,2,4,5,3,3,-1,12.0,2,24.0,48.0,0
943,2,27.0,0,0,2168,15.0333,0,0,5,3,-1,0,15.0333,2,54.0,108.0,0
944,2,20.0,2,1,29105,23.0,2,2,2,2,-1,0,7.666666666666667,1,40.0,40.0,1
945,1,28.0,3,2,19950,263.0,2,4,2,2,3,-1,52.6,1,28.0,28.0,1
946,2,32.83793103448276,0,0,2861,15.5792,0,0,5,3,-1,0,15.5792,2,65.67586206896551,131.35172413793103,0
947,3,10.0,4,1,382652,29.125,1,2,1,1,-1,0,9.708333333333334,2,30.0,60.0,0
948,3,35.0,0,0,349230,7.8958,2,0,5,3,-1,0,7.8958,2,105.0,210.0,0
949,3,25.0,0,0,348122,7.65,2,0,5,3,6,-1,7.65,2,75.0,150.0,0
950,3,28.318910256410255,1,0,386525,16.1,2,2,5,3,-1,0,5.366666666666667,2,84.95673076923077,169.91346153846155,0
951,1,36.0,0,0,17608,262.375,0,0,2,2,2,-1,262.375,1,36.0,36.0,1
952,3,17.0,0,0,349232,7.8958,2,0,5,3,-1,0,7.8958,2,51.0,102.0,0
953,2,32.0,0,0,237216,13.5,2,0,5,3,-1,0,13.5,2,64.0,128.0,0
954,3,18.0,0,0,347090,7.75,2,0,5,3,-1,0,7.75,2,54.0,108.0,0
955,3,22.0,0,0,334914,7.725,1,0,2,2,-1,0,7.725,1,66.0,66.0,0
956,1,13.0,2,2,17608,262.375,0,6,1,1,2,1,37.482142857142854,2,13.0,26.0,1
957,2,33.275862068965516,0,0,13534,21.0,2,0,4,4,-1,0,21.0,1,66.55172413793103,66.55172413793103,1
958,3,18.0,0,0,330963,7.8792,1,0,2,2,-1,0,7.8792,1,54.0,54.0,0
959,1,47.0,0,0,113796,42.4,2,0,5,3,-1,0,42.4,2,47.0,94.0,0
960,1,31.0,0,0,2543,28.5375,0,0,5,3,3,-1,28.5375,2,31.0,62.0,0
961,1,60.0,1,4,19950,263.0,2,4,4,4,3,-1,52.6,1,60.0,60.0,1
962,3,24.0,0,0,382653,7.75,1,0,2,2,-1,0,7.75,1,72.0,72.0,0
963,3,21.0,0,0,349211,7.8958,2,0,5,3,-1,0,7.8958,2,63.0,126.0,0
964,3,29.0,0,0,3101297,7.925,2,0,2,2,-1,0,7.925,1,87.0,87.0,0
965,1,28.5,0,0,17562,27.7208,0,0,5,3,4,-1,27.7208,2,28.5,57.0,0
966,1,35.0,0,0,113503,211.5,0,0,2,2,3,1,211.5,1,35.0,35.0,1
967,1,32.5,0,0,113503,211.5,0,0,5,3,3,1,211.5,2,32.5,65.0,0
968,3,28.318910256410255,0,0,359306,8.05,2,0,5,3,-1,0,8.05,2,84.95673076923077,169.91346153846155,0
969,1,55.0,2,0,11770,25.7,2,2,4,4,3,-1,8.566666666666666,1,55.0,55.0,1
970,2,30.0,0,0,248744,13.0,2,0,5,3,-1,0,13.0,2,60.0,120.0,0
971,3,24.0,0,0,368702,7.75,1,0,2,2,-1,0,7.75,1,72.0,72.0,0
972,3,6.0,1,1,2678,15.2458,0,2,1,1,-1,0,5.081933333333333,2,18.0,36.0,0
973,1,67.0,1,0,17483,221.7792,2,4,5,3,3,-1,44.35584,2,67.0,134.0,0
974,1,49.0,0,0,19924,26.0,2,0,5,3,-1,0,26.0,2,49.0,98.0,0
975,3,28.318910256410255,0,0,349238,7.8958,2,0,5,3,-1,0,7.8958,2,84.95673076923077,169.91346153846155,0
976,2,32.83793103448276,0,0,240261,10.7083,1,0,5,3,-1,0,10.7083,2,65.67586206896551,131.35172413793103,0
977,3,28.318910256410255,1,0,2660,14.4542,0,4,5,3,-1,0,2.89084,2,84.95673076923077,169.91346153846155,0
978,3,27.0,0,0,330844,7.8792,1,0,2,2,-1,0,7.8792,1,81.0,81.0,0
979,3,18.0,0,0,31416,8.05,2,0,2,2,-1,0,8.05,1,54.0,54.0,0
980,3,17.36087378640777,0,0,364856,7.75,1,0,9,2,-1,0,7.75,1,52.08262135922331,52.08262135922331,0
981,2,2.0,1,1,29103,23.0,2,4,1,1,-1,0,4.6,2,4.0,8.0,1
982,3,22.0,1,0,347072,13.9,2,4,4,4,-1,0,2.7800000000000002,1,66.0,66.0,0
983,3,28.318910256410255,0,0,345498,7.775,2,0,5,3,-1,0,7.775,2,84.95673076923077,169.91346153846155,0
984,1,27.0,1,2,12750,52.0,2,2,4,4,2,-1,17.333333333333332,1,27.0,27.0,1
985,3,28.318910256410255,0,0,376563,8.05,2,0,5,3,-1,0,8.05,2,84.95673076923077,169.91346153846155,0
986,1,25.0,0,0,13905,26.0,0,0,5,3,-1,0,26.0,2,25.0,50.0,0
987,3,25.0,0,0,350033,7.7958,2,0,5,3,-1,0,7.7958,2,75.0,150.0,0
988,1,76.0,1,0,19877,78.85,2,2,4,4,3,1,26.28333333333333,1,76.0,76.0,1
989,3,29.0,0,0,3101268,7.925,2,0,5,3,-1,0,7.925,2,87.0,174.0,0
990,3,20.0,0,0,347471,7.8542,2,0,2,2,-1,0,7.8542,1,60.0,60.0,0
991,3,33.0,0,0,3338,8.05,2,0,5,3,-1,0,8.05,2,99.0,198.0,0
992,1,43.0,1,0,11778,55.4417,0,4,4,4,3,1,11.088339999999999,1,43.0,43.0,1
993,2,27.0,1,0,228414,26.0,2,2,5,3,-1,0,8.666666666666666,2,54.0,108.0,0
994,3,28.318910256410255,0,0,365235,7.75,1,0,5,3,-1,0,7.75,2,84.95673076923077,169.91346153846155,0
995,3,26.0,0,0,347070,7.775,2,0,5,3,-1,0,7.775,2,78.0,156.0,0
996,3,16.0,1,1,2625,8.5167,0,4,4,4,-1,0,1.70334,1,48.0,48.0,0
997,3,28.0,0,0,4001,22.525,2,0,5,3,-1,0,22.525,2,84.0,168.0,0
998,3,21.0,0,0,330920,7.8208,1,0,5,3,-1,0,7.8208,2,63.0,126.0,0
999,3,28.318910256410255,0,0,383162,7.75,1,0,5,3,-1,0,7.75,2,84.95673076923077,169.91346153846155,0
1000,3,28.318910256410255,0,0,3410,8.7125,2,0,5,3,-1,0,8.7125,2,84.95673076923077,169.91346153846155,0
1001,2,18.5,0,0,248734,13.0,2,0,5,3,6,0,13.0,2,37.0,74.0,0
1002,2,41.0,0,0,237734,15.0458,0,0,5,3,-1,0,15.0458,2,82.0,164.0,0
1003,3,17.36087378640777,0,0,330968,7.7792,1,0,2,2,-1,0,7.7792,1,52.08262135922331,52.08262135922331,0
1004,1,36.0,0,0,17531,31.6792,0,0,2,2,1,-1,31.6792,1,36.0,36.0,1
1005,3,18.5,0,0,329944,7.2833,1,0,2,2,-1,0,7.2833,1,55.5,55.5,0
1006,1,63.0,1,0,17483,221.7792,2,4,4,4,3,-1,44.35584,1,63.0,63.0,1
1007,3,18.0,1,0,2680,14.4542,0,2,5,3,-1,0,4.818066666666667,2,54.0,108.0,0
1008,3,28.318910256410255,0,0,2681,6.4375,0,4,5,3,-1,0,1.2875,2,84.95673076923077,169.91346153846155,0
1009,3,1.0,1,1,9549,16.7,2,2,2,2,8,1,5.566666666666666,1,3.0,3.0,0
1010,1,36.0,0,0,13050,75.2417,0,0,5,3,3,1,75.2417,2,36.0,72.0,0
1011,2,29.0,1,0,29037,26.0,2,2,4,4,-1,0,8.666666666666666,1,58.0,58.0,1
1012,2,12.0,0,0,33595,15.75,2,0,2,2,-1,0,15.75,1,24.0,24.0,1
1013,3,28.318910256410255,1,0,367227,7.75,1,2,5,3,-1,0,2.5833333333333335,2,84.95673076923077,169.91346153846155,0
1014,1,35.0,1,0,13236,57.75,0,2,4,4,3,1,19.25,1,35.0,35.0,1
1015,3,28.0,0,0,392095,7.25,2,0,5,3,-1,0,7.25,2,84.0,168.0,0
1016,3,28.318910256410255,0,0,368783,7.75,1,0,5,3,-1,0,7.75,2,84.95673076923077,169.91346153846155,0
1017,3,17.0,0,1,371362,16.1,2,2,2,2,-1,0,5.366666666666667,1,51.0,51.0,0
1018,3,22.0,0,0,350045,7.7958,2,0,5,3,-1,0,7.7958,2,66.0,132.0,0
1019,3,17.36087378640777,2,0,367226,23.25,1,2,2,2,-1,0,7.75,1,52.08262135922331,52.08262135922331,0
1020,2,42.0,0,0,211535,13.0,2,0,5,3,-1,0,13.0,2,84.0,168.0,0
1021,3,24.0,0,0,342441,8.05,2,0,5,3,-1,0,8.05,2,72.0,144.0,0
1022,3,32.0,0,0,369943,8.05,2,0,5,3,-1,0,8.05,2,96.0,192.0,0
1023,1,53.0,0,0,113780,28.5,0,0,10,3,3,-1,28.5,2,53.0,106.0,0
1024,3,32.326530612244895,0,4,4133,25.4667,2,2,4,4,-1,0,8.4889,1,96.97959183673468,96.97959183673468,0
1025,3,28.318910256410255,1,0,2621,6.4375,0,4,5,3,-1,0,1.2875,2,84.95673076923077,169.91346153846155,0
1026,3,43.0,0,0,349226,7.8958,2,0,5,3,-1,0,7.8958,2,129.0,258.0,0
1027,3,24.0,0,0,350409,7.8542,2,0,5,3,-1,0,7.8542,2,72.0,144.0,0
1028,3,26.5,0,0,2656,7.225,0,0,5,3,-1,0,7.225,2,79.5,159.0,0
1029,2,26.0,0,0,248659,13.0,2,0,5,3,-1,0,13.0,2,52.0,104.0,0
1030,3,23.0,0,0,392083,8.05,2,0,2,2,-1,0,8.05,1,69.0,69.0,0
1031,3,40.0,1,6,2144,46.9,2,4,5,3,-1,0,9.379999999999999,2,120.0,240.0,0
1032,3,10.0,5,2,2144,46.9,2,4,2,2,-1,0,9.379999999999999,1,30.0,30.0,0
1033,1,33.0,0,0,113781,151.55,2,0,2,2,-1,0,151.55,1,33.0,33.0,1
1034,1,61.0,1,3,17608,262.375,0,6,5,3,2,1,37.482142857142854,2,61.0,122.0,0
1035,2,28.0,0,0,244358,26.0,2,0,5,3,-1,0,26.0,2,56.0,112.0,0
1036,1,42.0,0,0,17475,26.55,2,0,5,3,-1,0,26.55,2,42.0,84.0,0
1037,3,31.0,3,0,345763,18.0,2,2,5,3,-1,0,6.0,2,93.0,186.0,0
1038,1,42.1013986013986,0,0,17463,51.8625,2,0,5,3,5,1,51.8625,2,42.1013986013986,84.2027972027972,0
1039,3,22.0,0,0,23568,8.05,2,4,5,3,-1,0,1.61,2,66.0,132.0,0
1040,1,42.1013986013986,0,0,113791,26.55,2,0,5,3,-1,0,26.55,2,42.1013986013986,84.2027972027972,0
1041,2,30.0,1,1,250651,26.0,2,2,7,3,-1,0,8.666666666666666,2,60.0,120.0,0
1042,1,23.0,0,1,11767,83.1583,0,2,4,4,3,1,27.71943333333333,1,23.0,23.0,1
1043,3,28.318910256410255,0,0,349255,7.8958,0,0,5,3,-1,0,7.8958,2,84.95673076923077,169.91346153846155,0
1044,3,60.5,0,0,3701,13.378473295454542,2,0,5,3,-1,0,13.378473295454542,2,181.5,363.0,0
1045,3,36.0,0,2,350405,12.1833,2,4,4,4,-1,0,2.43666,1,108.0,108.0,0
1046,3,13.0,4,2,347077,31.3875,2,6,1,1,-1,0,4.483928571428572,2,39.0,78.0,0
1047,3,24.0,0,0,752,7.55,2,0,5,3,-1,0,7.55,2,72.0,144.0,0
1048,1,29.0,0,0,17483,221.7792,2,0,2,2,3,-1,221.7792,1,29.0,29.0,1
1049,3,23.0,0,0,347469,7.8542,2,0,2,2,-1,0,7.8542,1,69.0,69.0,0
1050,1,42.0,0,0,110489,26.55,2,0,5,3,4,1,26.55,2,42.0,84.0,0
1051,3,26.0,0,2,3101315,13.775,2,6,4,4,-1,0,1.967857142857143,1,78.0,78.0,0
1052,3,17.36087378640777,0,0,335432,7.7333,1,0,2,2,-1,0,7.7333,1,52.08262135922331,52.08262135922331,0
1053,3,7.0,1,1,2650,15.2458,0,4,1,1,-1,0,3.0491599999999996,2,21.0,42.0,0
1054,2,26.0,0,0,220844,13.5,2,0,2,2,-1,0,13.5,1,52.0,52.0,1
1055,3,28.318910256410255,0,0,343271,7.0,2,0,5,3,-1,0,7.0,2,84.95673076923077,169.91346153846155,0
1056,2,41.0,0,0,237393,13.0,2,0,7,3,-1,0,13.0,2,82.0,164.0,0
1057,3,26.0,1,1,315153,22.025,2,4,4,4,-1,0,4.404999999999999,1,78.0,78.0,0
1058,1,48.0,0,0,17591,50.4958,0,0,5,3,2,1,50.4958,2,48.0,96.0,0
1059,3,18.0,2,2,6608,34.375,2,2,5,3,-1,0,11.458333333333334,2,54.0,108.0,0
1060,1,42.78947368421053,0,0,17770,27.7208,0,0,4,4,-1,0,27.7208,1,42.78947368421053,42.78947368421053,1
1061,3,22.0,0,0,7548,8.9625,2,0,2,2,-1,0,8.9625,1,66.0,66.0,0
1062,3,28.318910256410255,0,0,251,7.55,2,0,5,3,-1,0,7.55,2,84.95673076923077,169.91346153846155,0
1063,3,27.0,0,0,2670,7.225,0,0,5,3,-1,0,7.225,2,81.0,162.0,0
1064,3,23.0,1,0,347072,13.9,2,4,5,3,-1,0,2.7800000000000002,2,69.0,138.0,0
1065,3,28.318910256410255,0,0,2673,7.2292,0,0,5,3,-1,0,7.2292,2,84.95673076923077,169.91346153846155,0
1066,3,40.0,1,5,347077,31.3875,2,6,5,3,-1,0,4.483928571428572,2,120.0,240.0,0
1067,2,15.0,0,2,29750,39.0,2,2,2,2,-1,0,13.0,1,30.0,30.0,1
1068,2,20.0,0,0,33112,36.75,2,0,2,2,-1,0,36.75,1,40.0,40.0,1
1069,1,54.0,1,0,11778,55.4417,0,4,5,3,3,1,11.088339999999999,2,54.0,108.0,0
1070,2,36.0,0,3,230136,39.0,2,4,4,4,6,1,7.8,1,72.0,72.0,1
1071,1,64.0,0,2,17756,83.1583,0,4,4,4,5,-1,16.63166,1,64.0,64.0,1
1072,2,30.0,0,0,233478,13.0,2,0,5,3,-1,0,13.0,2,60.0,120.0,0
1073,1,37.0,1,1,17756,83.1583,0,4,5,3,5,1,16.63166,2,37.0,74.0,0
1074,1,18.0,1,0,113773,53.1,2,2,4,4,4,1,17.7,1,18.0,18.0,1
1075,3,28.318910256410255,0,0,7935,7.75,1,0,5,3,-1,0,7.75,2,84.95673076923077,169.91346153846155,0
1076,1,27.0,1,1,17558,247.5208,0,4,4,4,2,1,49.50416,1,27.0,27.0,1
1077,2,40.0,0,0,239059,16.0,2,0,5,3,-1,0,16.0,2,80.0,160.0,0
1078,2,21.0,0,1,2,21.0,2,4,2,2,-1,0,4.2,1,42.0,42.0,1
1079,3,17.0,2,0,48873,8.05,2,4,5,3,-1,0,1.61,2,51.0,102.0,0
1080,3,14.5,8,2,2343,69.55,2,8,2,2,-1,0,7.727777777777778,1,43.5,43.5,0
1081,2,40.0,0,0,28221,13.0,2,0,5,3,-1,0,13.0,2,80.0,160.0,0
1082,2,34.0,1,0,226875,26.0,2,2,5,3,-1,0,8.666666666666666,2,68.0,136.0,0
1083,1,42.1013986013986,0,0,111163,26.0,2,0,5,3,-1,0,26.0,2,42.1013986013986,84.2027972027972,0
1084,3,11.5,1,1,851,14.5,2,4,1,1,-1,0,2.9,2,34.5,69.0,0
1085,2,61.0,0,0,235509,12.35,1,0,5,3,-1,0,12.35,2,122.0,244.0,0
1086,2,8.0,0,2,28220,32.5,2,4,1,1,-1,0,6.5,2,16.0,32.0,1
1087,3,33.0,0,0,347465,7.8542,2,0,5,3,-1,0,7.8542,2,99.0,198.0,0
1088,1,6.0,0,2,16966,134.5,0,4,1,1,5,1,26.9,2,6.0,12.0,1
1089,3,18.0,0,0,347066,7.775,2,0,2,2,-1,0,7.775,1,54.0,54.0,0
1090,2,23.0,0,0,31030,10.5,2,0,5,3,-1,0,10.5,2,46.0,92.0,0
1091,3,32.326530612244895,0,0,65305,8.1125,2,0,4,4,-1,0,8.1125,1,96.97959183673468,96.97959183673468,0
1092,3,17.36087378640777,0,0,36568,15.5,1,0,2,2,-1,0,15.5,1,52.08262135922331,52.08262135922331,0
1093,3,0.33,0,2,347080,14.4,2,2,1,1,-1,0,4.8,2,0.99,1.98,0
1094,1,47.0,1,0,17757,227.525,0,2,10,3,3,1,75.84166666666667,2,47.0,94.0,0
1095,2,8.0,1,1,26360,26.0,2,2,2,2,-1,0,8.666666666666666,1,16.0,16.0,1
1096,2,25.0,0,0,34050,10.5,2,0,5,3,-1,0,10.5,2,50.0,100.0,0
1097,1,42.1013986013986,0,0,12998,25.7417,0,0,5,3,-1,0,25.7417,2,42.1013986013986,84.2027972027972,0
1098,3,35.0,0,0,9232,7.75,1,0,2,2,-1,0,7.75,1,105.0,105.0,0
1099,2,24.0,0,0,28034,10.5,2,0,5,3,-1,0,10.5,2,48.0,96.0,0
1100,1,33.0,0,0,17613,27.7208,0,0,2,2,1,-1,27.7208,1,33.0,33.0,1
1101,3,25.0,0,0,349250,7.8958,2,0,5,3,-1,0,7.8958,2,75.0,150.0,0
1102,3,32.0,0,0,4001,22.525,2,0,5,3,-1,0,22.525,2,96.0,192.0,0
1103,3,28.318910256410255,0,0,3101308,7.05,2,0,5,3,-1,0,7.05,2,84.95673076923077,169.91346153846155,0
1104,2,17.0,0,0,14879,73.5,2,0,5,3,-1,0,73.5,2,34.0,68.0,0
1105,2,60.0,1,0,24065,26.0,2,4,4,4,-1,0,5.2,1,120.0,120.0,1
1106,3,38.0,4,2,347091,7.775,2,2,2,2,-1,0,2.591666666666667,1,114.0,114.0,0
1107,1,42.0,0,0,113038,42.5,2,0,5,3,2,-1,42.5,2,42.0,84.0,0
1108,3,17.36087378640777,0,0,330924,7.8792,1,0,2,2,-1,0,7.8792,1,52.08262135922331,52.08262135922331,0
1109,1,57.0,1,1,36928,164.8667,2,2,5,3,-1,0,54.95556666666667,2,57.0,114.0,0
1110,1,50.0,1,1,113503,211.5,0,4,4,4,3,1,42.3,1,50.0,50.0,1
1111,3,28.318910256410255,0,0,32302,8.05,2,0,5,3,-1,0,8.05,2,84.95673076923077,169.91346153846155,0
1112,2,30.0,1,0,2148,13.8583,0,2,2,2,-1,0,4.619433333333333,1,60.0,60.0,1
1113,3,21.0,0,0,342684,8.05,2,0,5,3,-1,0,8.05,2,63.0,126.0,0
1114,2,22.0,0,0,14266,10.5,2,0,4,4,6,-1,10.5,1,44.0,44.0,1
1115,3,21.0,0,0,350053,7.7958,2,0,5,3,-1,0,7.7958,2,63.0,126.0,0
1116,1,53.0,0,0,17606,27.4458,0,0,4,4,-1,0,27.4458,1,53.0,53.0,1
1117,3,32.326530612244895,0,2,2661,15.2458,0,2,4,4,-1,0,5.081933333333333,1,96.97959183673468,96.97959183673468,0
1118,3,23.0,0,0,350054,7.7958,2,6,5,3,-1,0,1.1136857142857142,2,69.0,138.0,0
1119,3,17.36087378640777,0,0,370368,7.75,1,0,2,2,-1,0,7.75,1,52.08262135922331,52.08262135922331,0
1120,3,40.5,0,0,6212,15.1,2,0,5,3,-1,0,15.1,2,121.5,243.0,0
1121,2,36.0,0,0,242963,13.0,2,2,5,3,-1,0,4.333333333333333,2,72.0,144.0,0
1122,2,14.0,0,0,220845,65.0,2,0,5,3,-1,0,65.0,2,28.0,56.0,0
1123,1,21.0,0,0,113795,26.55,2,0,2,2,-1,0,26.55,1,21.0,21.0,1
1124,3,21.0,1,0,3101266,6.4958,2,2,5,3,-1,0,2.1652666666666667,2,63.0,126.0,0
1125,3,28.318910256410255,0,0,330971,7.8792,1,0,5,3,-1,0,7.8792,2,84.95673076923077,169.91346153846155,0
1126,1,39.0,1,0,17599,71.2833,0,2,5,3,3,-1,23.7611,2,39.0,78.0,0
1127,3,20.0,0,0,350416,7.8542,2,0,5,3,-1,0,7.8542,2,60.0,120.0,0
1128,1,64.0,1,0,110813,75.25,0,2,5,3,4,-1,25.083333333333332,2,64.0,128.0,0
1129,3,20.0,0,0,2679,7.225,0,0,5,3,-1,0,7.225,2,60.0,120.0,0
1130,2,18.0,1,1,250650,13.0,2,2,2,2,-1,0,4.333333333333333,1,36.0,36.0,1
1131,1,48.0,1,0,17761,106.425,0,4,4,4,3,1,21.285,1,48.0,48.0,1
1132,1,55.0,0,0,112377,27.7208,0,0,4,4,-1,0,27.7208,1,55.0,55.0,1
1133,2,45.0,0,2,237789,30.0,2,2,4,4,-1,0,10.0,1,90.0,90.0,1
1134,1,45.0,1,1,16966,134.5,0,4,5,3,5,1,26.9,2,45.0,90.0,0
1135,3,28.318910256410255,0,0,3470,7.8875,2,0,5,3,-1,0,7.8875,2,84.95673076923077,169.91346153846155,0
1136,3,6.09,1,2,6607,23.45,2,4,1,1,-1,0,4.6899999999999995,2,18.27,36.54,0
1137,1,41.0,1,0,17464,51.8625,2,2,5,3,4,-1,17.287499999999998,2,41.0,82.0,0
1138,2,22.0,0,0,13534,21.0,2,0,4,4,-1,0,21.0,1,44.0,44.0,1
1139,2,42.0,1,1,28220,32.5,2,4,5,3,-1,0,6.5,2,84.0,168.0,0
1140,2,29.0,1,0,26707,26.0,2,2,4,4,-1,0,8.666666666666666,1,58.0,58.0,1
1141,3,32.326530612244895,1,0,2660,14.4542,0,4,4,4,-1,0,2.89084,1,96.97959183673468,96.97959183673468,0
1142,2,0.92,1,2,34651,27.75,2,2,2,2,-1,0,9.25,1,1.84,1.84,1
1143,3,20.0,0,0,3101284,7.925,2,0,5,3,-1,0,7.925,2,60.0,120.0,0
1144,1,27.0,1,0,13508,136.7792,0,4,5,3,3,-1,27.35584,2,27.0,54.0,0
1145,3,24.0,0,0,7266,9.325,2,0,5,3,-1,0,9.325,2,72.0,144.0,0
1146,3,32.5,0,0,345775,9.5,2,0,5,3,-1,0,9.5,2,97.5,195.0,0
1147,3,28.318910256410255,0,0,42795,7.55,2,0,5,3,-1,0,7.55,2,84.95673076923077,169.91346153846155,0
1148,3,28.318910256410255,0,0,3130,7.75,1,0,5,3,-1,0,7.75,2,84.95673076923077,169.91346153846155,0
1149,3,28.0,0,0,363611,8.05,2,0,5,3,-1,0,8.05,2,84.0,168.0,0
1150,2,19.0,0,0,28404,13.0,2,0,2,2,-1,0,13.0,1,38.0,38.0,1
1151,3,21.0,0,0,345501,7.775,2,0,5,3,-1,0,7.775,2,63.0,126.0,0
1152,3,36.5,1,0,345572,17.4,2,2,5,3,-1,0,5.8,2,109.5,219.0,0
1153,3,21.0,0,0,350410,7.8542,2,0,5,3,-1,0,7.8542,2,63.0,126.0,0
1154,2,29.0,0,2,29103,23.0,2,4,4,4,-1,0,4.6,1,58.0,58.0,1
1155,3,1.0,1,1,350405,12.1833,2,4,2,2,-1,0,2.43666,1,3.0,3.0,0
1156,2,30.0,0,0,34644,12.7375,0,0,5,3,-1,0,12.7375,2,60.0,120.0,0
1157,3,28.318910256410255,0,0,349235,7.8958,2,0,5,3,-1,0,7.8958,2,84.95673076923077,169.91346153846155,0
1158,1,42.1013986013986,0,0,112051,89.44748196202534,2,0,5,3,-1,0,89.44748196202534,2,42.1013986013986,84.2027972027972,0
1159,3,28.318910256410255,0,0,49867,7.55,2,0,5,3,-1,0,7.55,2,84.95673076923077,169.91346153846155,0
1160,3,17.36087378640777,0,0,39186,8.05,2,0,2,2,-1,0,8.05,1,52.08262135922331,52.08262135922331,0
1161,3,17.0,0,0,315095,8.6625,2,0,5,3,-1,0,8.6625,2,51.0,102.0,0
1162,1,46.0,0,0,13050,75.2417,0,0,5,3,3,1,75.2417,2,46.0,92.0,0
1163,3,28.318910256410255,0,0,368573,7.75,1,0,5,3,-1,0,7.75,2,84.95673076923077,169.91346153846155,0
1164,1,26.0,1,0,13508,136.7792,0,4,4,4,3,-1,27.35584,1,26.0,26.0,1
1165,3,17.36087378640777,1,0,370371,15.5,1,2,2,2,-1,0,5.166666666666667,1,52.08262135922331,52.08262135922331,0
1166,3,28.318910256410255,0,0,2676,7.225,0,0,5,3,-1,0,7.225,2,84.95673076923077,169.91346153846155,0
1167,2,20.0,1,0,236853,26.0,2,2,2,2,-1,0,8.666666666666666,1,40.0,40.0,1
1168,2,28.0,0,0,14888,10.5,2,0,5,3,-1,0,10.5,2,56.0,112.0,0
1169,2,40.0,1,0,2926,26.0,2,2,5,3,-1,0,8.666666666666666,2,80.0,160.0,0
1170,2,30.0,1,0,31352,21.0,2,4,5,3,-1,0,4.2,2,60.0,120.0,0
1171,2,22.0,0,0,14260,10.5,2,0,5,3,-1,0,10.5,2,44.0,88.0,0
1172,3,23.0,0,0,315085,8.6625,2,0,2,2,-1,0,8.6625,1,69.0,69.0,0
1173,3,0.75,1,1,3101315,13.775,2,6,1,1,-1,0,1.967857142857143,2,2.25,4.5,0
1174,3,17.36087378640777,0,0,364859,7.75,1,0,2,2,-1,0,7.75,1,52.08262135922331,52.08262135922331,0
1175,3,9.0,1,1,2650,15.2458,0,4,2,2,-1,0,3.0491599999999996,1,27.0,27.0,0
1176,3,2.0,1,1,370129,20.2125,2,2,2,2,-1,0,6.7375,1,6.0,6.0,0
1177,3,36.0,0,0,21175,7.25,2,0,5,3,-1,0,7.25,2,108.0,216.0,0
1178,3,28.318910256410255,0,0,3101314,7.25,2,0,5,3,-1,0,7.25,2,84.95673076923077,169.91346153846155,0
1179,1,24.0,1,0,21228,82.2667,2,4,5,3,2,-1,16.45334,2,24.0,48.0,0
1180,3,28.318910256410255,0,0,2655,7.2292,0,0,5,3,5,1,7.2292,2,84.95673076923077,169.91346153846155,0
1181,3,28.318910256410255,0,0,1478,8.05,2,2,5,3,-1,0,2.6833333333333336,2,84.95673076923077,169.91346153846155,0
1182,1,42.1013986013986,0,0,17607,39.6,2,0,5,3,-1,0,39.6,2,42.1013986013986,84.2027972027972,0
1183,3,30.0,0,0,382650,6.95,1,0,2,2,-1,0,6.95,1,90.0,90.0,0
1184,3,28.318910256410255,0,0,2652,7.2292,0,0,5,3,-1,0,7.2292,2,84.95673076923077,169.91346153846155,0
1185,1,53.0,1,1,33638,81.8583,2,4,8,4,1,1,16.37166,2,53.0,106.0,0
1186,3,36.0,0,0,345771,9.5,2,0,5,3,-1,0,9.5,2,108.0,216.0,0
1187,3,26.0,0,0,349202,7.8958,2,0,5,3,-1,0,7.8958,2,78.0,156.0,0
1188,2,1.0,1,2,2123,41.5792,0,2,2,2,-1,0,13.859733333333333,1,2.0,2.0,1
1189,3,28.318910256410255,2,0,2662,21.6792,0,4,5,3,-1,0,4.33584,2,84.95673076923077,169.91346153846155,0
1190,1,30.0,0,0,113801,45.5,2,0,5,3,-1,0,45.5,2,30.0,60.0,0
1191,3,29.0,0,0,347467,7.8542,2,0,5,3,-1,0,7.8542,2,87.0,174.0,0
1192,3,32.0,0,0,347079,7.775,2,0,5,3,-1,0,7.775,2,96.0,192.0,0
1193,2,32.83793103448276,0,0,237735,15.0458,0,0,5,3,4,0,15.0458,2,65.67586206896551,131.35172413793103,0
1194,2,43.0,0,1,2,21.0,2,4,5,3,-1,0,4.2,2,86.0,172.0,0
1195,3,24.0,0,0,315092,8.6625,2,0,5,3,-1,0,8.6625,2,72.0,144.0,0
1196,3,17.36087378640777,0,0,383123,7.75,1,0,2,2,-1,0,7.75,1,52.08262135922331,52.08262135922331,0
1197,1,64.0,1,1,112901,26.55,2,2,4,4,2,1,8.85,1,64.0,64.0,1
1198,1,30.0,1,2,113781,151.55,2,2,5,3,3,1,50.51666666666667,2,30.0,60.0,0
1199,3,0.83,0,1,392091,9.35,2,2,1,1,-1,0,3.1166666666666667,2,2.4899999999999998,4.9799999999999995,0
1200,1,55.0,1,1,12749,93.5,2,2,5,3,2,-1,31.166666666666668,2,55.0,110.0,0
1201,3,45.0,1,0,350026,14.1083,2,2,4,4,-1,0,4.702766666666666,1,135.0,135.0,0
1202,3,18.0,0,0,315091,8.6625,2,0,5,3,-1,0,8.6625,2,54.0,108.0,0
1203,3,22.0,0,0,2658,7.225,0,0,5,3,-1,0,7.225,2,66.0,132.0,0
1204,3,28.318910256410255,0,0,1588,7.575,2,0,5,3,-1,0,7.575,2,84.95673076923077,169.91346153846155,0
1205,3,37.0,0,0,368364,7.75,1,0,2,2,-1,0,7.75,1,111.0,111.0,0
1206,1,55.0,0,0,17760,135.6333,0,0,4,4,3,1,135.6333,1,55.0,55.0,1
1207,3,17.0,0,0,30631,7.7333,1,0,2,2,-1,0,7.7333,1,51.0,51.0,0
1208,1,57.0,1,0,17569,146.5208,0,2,5,3,2,1,48.84026666666667,2,57.0,114.0,0
1209,2,19.0,0,0,28004,10.5,2,0,5,3,-1,0,10.5,2,38.0,76.0,0
1210,3,27.0,0,0,350408,7.8542,2,0,5,3,-1,0,7.8542,2,81.0,162.0,0
1211,2,22.0,2,0,31029,31.5,2,4,5,3,-1,0,6.3,2,44.0,88.0,0
1212,3,26.0,0,0,347075,7.775,2,2,5,3,-1,0,2.591666666666667,2,78.0,156.0,0
1213,3,25.0,0,0,2654,7.2292,0,0,5,3,5,-1,7.2292,2,75.0,150.0,0
1214,2,26.0,0,0,244368,13.0,2,0,5,3,6,1,13.0,2,52.0,104.0,0
1215,1,33.0,0,0,113790,26.55,2,0,5,3,-1,0,26.55,2,33.0,66.0,0
1216,1,39.0,0,0,24160,211.3375,2,0,2,2,-1,0,211.3375,1,39.0,39.0,1
1217,3,23.0,0,0,3101309,7.05,2,0,5,3,-1,0,7.05,2,69.0,138.0,0
1218,2,12.0,2,1,230136,39.0,2,4,2,2,6,1,7.8,1,24.0,24.0,1
1219,1,46.0,0,0,17585,79.2,0,0,5,3,-1,0,79.2,2,46.0,92.0,0
1220,2,29.0,1,0,2003,26.0,2,2,5,3,-1,0,8.666666666666666,2,58.0,116.0,0
1221,2,21.0,0,0,236854,13.0,2,0,5,3,-1,0,13.0,2,42.0,84.0,0
1222,2,48.0,0,2,33112,36.75,2,2,4,4,-1,0,12.25,1,96.0,96.0,1
1223,1,39.0,0,0,17580,29.7,0,0,5,3,1,1,29.7,2,39.0,78.0,0
1224,3,28.318910256410255,0,0,2684,7.225,0,4,5,3,-1,0,1.4449999999999998,2,84.95673076923077,169.91346153846155,0
1225,3,19.0,1,1,2653,15.7417,0,2,4,4,-1,0,5.247233333333333,1,57.0,57.0,0
1226,3,27.0,0,0,349229,7.8958,2,0,5,3,-1,0,7.8958,2,81.0,162.0,0
1227,1,30.0,0,0,110469,26.0,2,0,5,3,3,1,26.0,2,30.0,60.0,0
1228,2,32.0,0,0,244360,13.0,2,0,5,3,-1,0,13.0,2,64.0,128.0,0
1229,3,39.0,0,2,2675,7.2292,0,2,5,3,-1,0,2.409733333333333,2,117.0,234.0,0
1230,2,25.0,0,0,31029,31.5,2,0,5,3,-1,0,31.5,2,50.0,100.0,0
1231,3,6.09,0,0,2622,7.2292,0,0,1,1,-1,0,7.2292,2,18.27,36.54,0
1232,2,18.0,0,0,15185,10.5,2,0,5,3,-1,0,10.5,2,36.0,72.0,0
1233,3,32.0,0,0,350403,7.5792,2,0,5,3,-1,0,7.5792,2,96.0,192.0,0
1234,3,14.5,1,9,2343,69.55,2,8,5,3,-1,0,7.727777777777778,2,43.5,87.0,0
1235,1,58.0,0,1,17755,512.3292,0,2,4,4,2,-1,170.7764,1,58.0,58.0,1
1236,3,11.5,1,1,851,14.5,2,4,1,1,-1,0,2.9,2,34.5,69.0,0
1237,3,16.0,0,0,348125,7.65,2,0,2,2,-1,0,7.65,1,48.0,48.0,0
1238,2,26.0,0,0,237670,13.0,2,0,5,3,-1,0,13.0,2,52.0,104.0,0
1239,3,38.0,0,0,2688,7.2292,0,0,4,4,-1,0,7.2292,1,114.0,114.0,0
1240,2,24.0,0,0,248726,13.5,2,2,5,3,-1,0,4.5,2,48.0,96.0,0
1241,2,31.0,0,0,13528,21.0,2,0,2,2,-1,0,21.0,1,62.0,62.0,1
1242,1,45.0,0,1,17759,63.3583,0,2,4,4,4,1,21.119433333333333,1,45.0,45.0,1
1243,2,25.0,0,0,13540,10.5,2,0,5,3,-1,0,10.5,2,50.0,100.0,0
1244,2,18.0,0,0,14879,73.5,2,0,5,3,-1,0,73.5,2,36.0,72.0,0
1245,2,49.0,1,2,220845,65.0,2,4,5,3,-1,0,13.0,2,98.0,196.0,0
1246,3,0.17,1,2,2315,20.575,2,4,2,2,-1,0,4.115,1,0.51,0.51,0
1247,1,50.0,0,0,113044,26.0,2,0,5,3,5,1,26.0,2,50.0,100.0,0
1248,1,59.0,2,0,11769,51.4792,2,2,4,4,3,-1,17.15973333333333,1,59.0,59.0,1
1249,3,28.318910256410255,0,0,1222,7.8792,2,0,5,3,-1,0,7.8792,2,84.95673076923077,169.91346153846155,0
1250,3,28.318910256410255,0,0,368402,7.75,1,0,5,3,-1,0,7.75,2,84.95673076923077,169.91346153846155,0
1251,3,30.0,1,0,349910,15.55,2,2,4,4,-1,0,5.183333333333334,1,90.0,90.0,0
1252,3,14.5,8,2,2343,69.55,2,8,1,1,-1,0,7.727777777777778,2,43.5,87.0,0
1253,2,24.0,1,1,2079,37.0042,0,2,4,4,-1,0,12.334733333333332,1,48.0,48.0,1
1254,2,31.0,0,0,31352,21.0,2,4,4,4,-1,0,4.2,1,62.0,62.0,1
1255,3,27.0,0,0,315083,8.6625,2,0,5,3,-1,0,8.6625,2,81.0,162.0,0
1256,1,25.0,1,0,11765,55.4417,0,2,4,4,5,1,18.480566666666665,1,25.0,25.0,1
1257,3,14.5,1,9,2343,69.55,2,8,4,4,-1,0,7.727777777777778,1,43.5,43.5,0
1258,3,28.318910256410255,1,0,2689,14.4583,0,2,5,3,-1,0,4.8194333333333335,2,84.95673076923077,169.91346153846155,0
1259,3,22.0,0,0,3101295,39.6875,2,0,2,2,-1,0,39.6875,1,66.0,66.0,0
1260,1,45.0,0,1,112378,59.4,0,4,4,4,-1,0,11.879999999999999,1,45.0,45.0,1
1261,2,29.0,0,0,2147,13.8583,0,0,5,3,-1,0,13.8583,2,58.0,116.0,0
1262,2,21.0,1,0,28133,11.5,2,2,5,3,-1,0,3.8333333333333335,2,42.0,84.0,0
1263,1,31.0,0,0,16966,134.5,0,0,2,2,5,-1,134.5,1,31.0,31.0,1
1264,1,49.0,0,0,112058,89.44748196202534,2,0,5,3,2,1,89.44748196202534,2,49.0,98.0,0
1265,2,44.0,0,0,248746,13.0,2,0,5,3,-1,0,13.0,2,88.0,176.0,0
1266,1,54.0,1,1,33638,81.8583,2,4,4,4,1,1,16.37166,1,54.0,54.0,1
1267,1,45.0,0,0,17608,262.375,0,0,2,2,-1,0,262.375,1,45.0,45.0,1
1268,3,22.0,2,0,315152,8.6625,2,2,2,2,-1,0,2.8874999999999997,1,66.0,66.0,0
1269,2,21.0,0,0,29107,11.5,2,0,5,3,-1,0,11.5,2,42.0,84.0,0
1270,1,55.0,0,0,680,50.0,2,0,5,3,3,-1,50.0,2,55.0,110.0,0
1271,3,5.0,4,2,347077,31.3875,2,6,1,1,-1,0,4.483928571428572,2,15.0,30.0,0
1272,3,28.318910256410255,0,0,366713,7.75,1,0,5,3,-1,0,7.75,2,84.95673076923077,169.91346153846155,0
1273,3,26.0,0,0,330910,7.8792,1,0,5,3,-1,0,7.8792,2,78.0,156.0,0
1274,3,32.326530612244895,0,0,364498,14.5,2,0,4,4,-1,0,14.5,1,96.97959183673468,96.97959183673468,0
1275,3,19.0,1,0,376566,16.1,2,2,4,4,-1,0,5.366666666666667,1,57.0,57.0,0
1276,2,32.83793103448276,0,0,2159,12.875,2,0,5,3,-1,0,12.875,2,65.67586206896551,131.35172413793103,0
1277,2,24.0,1,2,220845,65.0,2,4,2,2,-1,0,13.0,1,48.0,48.0,1
1278,3,24.0,0,0,349911,7.775,2,0,5,3,-1,0,7.775,2,72.0,144.0,0
1279,2,57.0,0,0,244346,13.0,2,0,5,3,-1,0,13.0,2,114.0,228.0,0
1280,3,21.0,0,0,364858,7.75,1,0,5,3,-1,0,7.75,2,63.0,126.0,0
1281,3,6.0,3,1,349909,21.075,2,2,1,1,-1,0,7.0249999999999995,2,18.0,36.0,0
1282,1,23.0,0,0,12749,93.5,2,0,5,3,2,1,93.5,2,23.0,46.0,0
1283,1,51.0,0,1,17592,39.4,2,2,4,4,4,1,13.133333333333333,1,51.0,51.0,1
1284,3,13.0,0,2,2673,20.25,2,2,1,1,-1,0,6.75,2,39.0,78.0,0
1285,2,47.0,0,0,30769,10.5,2,0,5,3,-1,0,10.5,2,94.0,188.0,0
1286,3,29.0,3,1,315153,22.025,2,4,5,3,-1,0,4.404999999999999,2,87.0,174.0,0
1287,1,18.0,1,0,13695,60.0,2,4,4,4,3,-1,12.0,1,18.0,18.0,1
1288,3,24.0,0,0,371109,7.25,1,0,5,3,-1,0,7.25,2,72.0,144.0,0
1289,1,48.0,1,1,13567,79.2,0,2,4,4,2,-1,26.400000000000002,1,48.0,48.0,1
1290,3,22.0,0,0,347065,7.775,2,0,5,3,-1,0,7.775,2,66.0,132.0,0
1291,3,31.0,0,0,21332,7.7333,1,0,5,3,-1,0,7.7333,2,93.0,186.0,0
1292,1,30.0,0,0,36928,164.8667,2,0,2,2,3,-1,164.8667,1,30.0,30.0,1
1293,2,38.0,1,0,28664,21.0,2,2,5,3,-1,0,7.0,2,76.0,152.0,0
1294,1,22.0,0,1,112378,59.4,0,4,2,2,-1,0,11.879999999999999,1,22.0,22.0,1
1295,1,17.0,0,0,113059,47.1,2,0,5,3,-1,0,47.1,2,17.0,34.0,0
1296,1,43.0,1,0,17765,27.7208,0,2,5,3,4,1,9.240266666666667,2,43.0,86.0,0
1297,2,20.0,0,0,2166,13.8625,0,0,5,3,4,1,13.8625,2,40.0,80.0,0
1298,2,23.0,1,0,28666,10.5,2,4,5,3,-1,0,2.1,2,46.0,92.0,0
1299,1,50.0,1,1,113503,211.5,0,4,5,3,3,1,42.3,2,50.0,100.0,0
1300,3,17.36087378640777,0,0,334915,7.7208,1,0,2,2,-1,0,7.7208,1,52.08262135922331,52.08262135922331,0
1301,3,3.0,1,1,3101315,13.775,2,6,2,2,-1,0,1.967857142857143,1,9.0,9.0,0
1302,3,17.36087378640777,0,0,365237,7.75,1,0,2,2,-1,0,7.75,1,52.08262135922331,52.08262135922331,0
1303,1,37.0,1,0,19928,90.0,1,2,4,4,3,1,30.0,1,37.0,37.0,1
1304,3,28.0,0,0,347086,7.775,2,0,2,2,-1,0,7.775,1,84.0,84.0,0
1305,3,28.318910256410255,0,0,3236,8.05,2,0,5,3,-1,0,8.05,2,84.95673076923077,169.91346153846155,0
1306,1,39.0,0,0,17758,108.9,0,0,14,3,3,-1,108.9,1,39.0,39.0,1
1307,3,38.5,0,0,3101262,7.25,2,0,5,3,-1,0,7.25,2,115.5,231.0,0
1308,3,28.318910256410255,0,0,359309,8.05,2,0,5,3,-1,0,8.05,2,84.95673076923077,169.91346153846155,0
1309,3,6.09,1,1,2668,22.3583,0,2,1,1,-1,0,7.452766666666666,2,18.27,36.54,0
